[2026-05-05 02:46:59] local.ERROR: Command "server" is not defined.

Did you mean one of these?
    make:observer
    serve {"exception":"[object] (Symfony\\Component\\Console\\Exception\\CommandNotFoundException(code: 0): Command \"server\" is not defined.

Did you mean one of these?
    make:observer
    serve at C:/laragon/www/proyeklaravel2/vendor/symfony/console/Application.php:759)
[stacktrace]
#0 C:/laragon/www/proyeklaravel2/vendor/symfony/console/Application.php(298): Symfony/Component/Console/Application->find('server')
#1 C:/laragon/www/proyeklaravel2/vendor/symfony/console/Application.php(195): Symfony/Component/Console/Application->doRun(Object(Symfony/Component/Console/Input/ArgvInput), Object(Symfony/Component/Console/Output/ConsoleOutput))
#2 C:/laragon/www/proyeklaravel2/vendor/laravel/framework/src/Illuminate/Foundation/Console/Kernel.php(198): Symfony/Component/Console/Application->run(Object(Symfony/Component/Console/Input/ArgvInput), Object(Symfony/Component/Console/Output/ConsoleOutput))
#3 C:/laragon/www/proyeklaravel2/vendor/laravel/framework/src/Illuminate/Foundation/Application.php(1235): Illuminate/Foundation/Console/Kernel->handle(Object(Symfony/Component/Console/Input/ArgvInput), Object(Symfony/Component/Console/Output/ConsoleOutput))
#4 C:/laragon/www/proyeklaravel2/artisan(16): Illuminate/Foundation/Application->handleCommand(Object(Symfony/Component/Console/Input/ArgvInput))
#5 {main}
"} 
[2026-05-05 05:03:50] local.ERROR: SQLSTATE[42S02]: Base table or view not found: 1146 Table 'db_sekolah_ammar.kurikulum' doesn't exist (Connection: mysql, Host: 127.0.0.1, Port: 3306, Database: db_sekolah_ammar, SQL: select * from `kurikulum`) {"exception":"[object] (Illuminate\\Database\\QueryException(code: 42S02): SQLSTATE[42S02]: Base table or view not found: 1146 Table 'db_sekolah_ammar.kurikulum' doesn't exist (Connection: mysql, Host: 127.0.0.1, Port: 3306, Database: db_sekolah_ammar, SQL: select * from `kurikulum`) at C:/laragon/www/proyeklaravel2/vendor/laravel/framework/src/Illuminate/Database/Connection.php:841)
[stacktrace]
#0 C:/laragon/www/proyeklaravel2/vendor/laravel/framework/src/Illuminate/Database/Connection.php(797): Illuminate/Database/Connection->runQueryCallback('select * from `...', Array, Object(Closure))
#1 C:/laragon/www/proyeklaravel2/vendor/laravel/framework/src/Illuminate/Database/Connection.php(412): Illuminate/Database/Connection->run('select * from `...', Array, Object(Closure))
#2 C:/laragon/www/proyeklaravel2/vendor/laravel/framework/src/Illuminate/Database/Query/Builder.php(3562): Illuminate/Database/Connection->select('select * from `...', Array, true, Array)
#3 C:/laragon/www/proyeklaravel2/vendor/laravel/framework/src/Illuminate/Database/Query/Builder.php(3546): Illuminate/Database/Query/Builder->runSelect()
#4 C:/laragon/www/proyeklaravel2/app/Http/Controllers/KurikulumControllerAmmar.php(12): Illuminate/Database/Query/Builder->get()
#5 C:/laragon/www/proyeklaravel2/vendor/laravel/framework/src/Illuminate/Routing/ControllerDispatcher.php(46): App/Http/Controllers/KurikulumControllerAmmar->index()
#6 C:/laragon/www/proyeklaravel2/vendor/laravel/framework/src/Illuminate/Routing/Route.php(269): Illuminate/Routing/ControllerDispatcher->dispatch(Object(Illuminate/Routing/Route), Object(App/Http/Controllers/KurikulumControllerAmmar), 'index')
#7 C:/laragon/www/proyeklaravel2/vendor/laravel/framework/src/Illuminate/Routing/Route.php(215): Illuminate/Routing/Route->runController()
#8 C:/laragon/www/proyeklaravel2/vendor/laravel/framework/src/Illuminate/Routing/Router.php(822): Illuminate/Routing/Route->run()
#9 C:/laragon/www/proyeklaravel2/vendor/laravel/framework/src/Illuminate/Pipeline/Pipeline.php(180): Illuminate/Routing/Router->Illuminate/Routing/{closure}(Object(Illuminate/Http/Request))
#10 C:/laragon/www/proyeklaravel2/vendor/laravel/framework/src/Illuminate/Routing/Middleware/SubstituteBindings.php(52): Illuminate/Pipeline/Pipeline->Illuminate/Pipeline/{closure}(Object(Illuminate/Http/Request))
#11 C:/laragon/www/proyeklaravel2/vendor/laravel/framework/src/Illuminate/Pipeline/Pipeline.php(219): Illuminate/Routing/Middleware/SubstituteBindings->handle(Object(Illuminate/Http/Request), Object(Closure))
#12 C:/laragon/www/proyeklaravel2/vendor/laravel/framework/src/Illuminate/Foundation/Http/Middleware/PreventRequestForgery.php(104): Illuminate/Pipeline/Pipeline->Illuminate/Pipeline/{closure}(Object(Illuminate/Http/Request))
#13 C:/laragon/www/proyeklaravel2/vendor/laravel/framework/src/Illuminate/Pipeline/Pipeline.php(219): Illuminate/Foundation/Http/Middleware/PreventRequestForgery->handle(Object(Illuminate/Http/Request), Object(Closure))
#14 C:/laragon/www/proyeklaravel2/vendor/laravel/framework/src/Illuminate/View/Middleware/ShareErrorsFromSession.php(48): Illuminate/Pipeline/Pipeline->Illuminate/Pipeline/{closure}(Object(Illuminate/Http/Request))
#15 C:/laragon/www/proyeklaravel2/vendor/laravel/framework/src/Illuminate/Pipeline/Pipeline.php(219): Illuminate/View/Middleware/ShareErrorsFromSession->handle(Object(Illuminate/Http/Request), Object(Closure))
#16 C:/laragon/www/proyeklaravel2/vendor/laravel/framework/src/Illuminate/Session/Middleware/StartSession.php(120): Illuminate/Pipeline/Pipeline->Illuminate/Pipeline/{closure}(Object(Illuminate/Http/Request))
#17 C:/laragon/www/proyeklaravel2/vendor/laravel/framework/src/Illuminate/Session/Middleware/StartSession.php(63): Illuminate/Session/Middleware/StartSession->handleStatefulRequest(Object(Illuminate/Http/Request), Object(Illuminate/Session/Store), Object(Closure))
#18 C:/laragon/www/proyeklaravel2/vendor/laravel/framework/src/Illuminate/Pipeline/Pipeline.php(219): Illuminate/Session/Middleware/StartSession->handle(Object(Illuminate/Http/Request), Object(Closure))
#19 C:/laragon/www/proyeklaravel2/vendor/laravel/framework/src/Illuminate/Cookie/Middleware/AddQueuedCookiesToResponse.php(36): Illuminate/Pipeline/Pipeline->Illuminate/Pipeline/{closure}(Object(Illuminate/Http/Request))
#20 C:/laragon/www/proyeklaravel2/vendor/laravel/framework/src/Illuminate/Pipeline/Pipeline.php(219): Illuminate/Cookie/Middleware/AddQueuedCookiesToResponse->handle(Object(Illuminate/Http/Request), Object(Closure))
#21 C:/laragon/www/proyeklaravel2/vendor/laravel/framework/src/Illuminate/Cookie/Middleware/EncryptCookies.php(74): Illuminate/Pipeline/Pipeline->Illuminate/Pipeline/{closure}(Object(Illuminate/Http/Request))
#22 C:/laragon/www/proyeklaravel2/vendor/laravel/framework/src/Illuminate/Pipeline/Pipeline.php(219): Illuminate/Cookie/Middleware/EncryptCookies->handle(Object(Illuminate/Http/Request), Object(Closure))
#23 C:/laragon/www/proyeklaravel2/vendor/laravel/framework/src/Illuminate/Pipeline/Pipeline.php(137): Illuminate/Pipeline/Pipeline->Illuminate/Pipeline/{closure}(Object(Illuminate/Http/Request))
#24 C:/laragon/www/proyeklaravel2/vendor/laravel/framework/src/Illuminate/Routing/Router.php(821): Illuminate/Pipeline/Pipeline->then(Object(Closure))
#25 C:/laragon/www/proyeklaravel2/vendor/laravel/framework/src/Illuminate/Routing/Router.php(800): Illuminate/Routing/Router->runRouteWithinStack(Object(Illuminate/Routing/Route), Object(Illuminate/Http/Request))
#26 C:/laragon/www/proyeklaravel2/vendor/laravel/framework/src/Illuminate/Routing/Router.php(764): Illuminate/Routing/Router->runRoute(Object(Illuminate/Http/Request), Object(Illuminate/Routing/Route))
#27 C:/laragon/www/proyeklaravel2/vendor/laravel/framework/src/Illuminate/Routing/Router.php(753): Illuminate/Routing/Router->dispatchToRoute(Object(Illuminate/Http/Request))
#28 C:/laragon/www/proyeklaravel2/vendor/laravel/framework/src/Illuminate/Foundation/Http/Kernel.php(200): Illuminate/Routing/Router->dispatch(Object(Illuminate/Http/Request))
#29 C:/laragon/www/proyeklaravel2/vendor/laravel/framework/src/Illuminate/Pipeline/Pipeline.php(180): Illuminate/Foundation/Http/Kernel->Illuminate/Foundation/Http/{closure}(Object(Illuminate/Http/Request))
#30 C:/laragon/www/proyeklaravel2/vendor/laravel/framework/src/Illuminate/Foundation/Http/Middleware/TransformsRequest.php(21): Illuminate/Pipeline/Pipeline->Illuminate/Pipeline/{closure}(Object(Illuminate/Http/Request))
#31 C:/laragon/www/proyeklaravel2/vendor/laravel/framework/src/Illuminate/Foundation/Http/Middleware/ConvertEmptyStringsToNull.php(31): Illuminate/Foundation/Http/Middleware/TransformsRequest->handle(Object(Illuminate/Http/Request), Object(Closure))
#32 C:/laragon/www/proyeklaravel2/vendor/laravel/framework/src/Illuminate/Pipeline/Pipeline.php(219): Illuminate/Foundation/Http/Middleware/ConvertEmptyStringsToNull->handle(Object(Illuminate/Http/Request), Object(Closure))
#33 C:/laragon/www/proyeklaravel2/vendor/laravel/framework/src/Illuminate/Foundation/Http/Middleware/TransformsRequest.php(21): Illuminate/Pipeline/Pipeline->Illuminate/Pipeline/{closure}(Object(Illuminate/Http/Request))
#34 C:/laragon/www/proyeklaravel2/vendor/laravel/framework/src/Illuminate/Foundation/Http/Middleware/TrimStrings.php(51): Illuminate/Foundation/Http/Middleware/TransformsRequest->handle(Object(Illuminate/Http/Request), Object(Closure))
#35 C:/laragon/www/proyeklaravel2/vendor/laravel/framework/src/Illuminate/Pipeline/Pipeline.php(219): Illuminate/Foundation/Http/Middleware/TrimStrings->handle(Object(Illuminate/Http/Request), Object(Closure))
#36 C:/laragon/www/proyeklaravel2/vendor/laravel/framework/src/Illuminate/Http/Middleware/ValidatePostSize.php(27): Illuminate/Pipeline/Pipeline->Illuminate/Pipeline/{closure}(Object(Illuminate/Http/Request))
#37 C:/laragon/www/proyeklaravel2/vendor/laravel/framework/src/Illuminate/Pipeline/Pipeline.php(219): Illuminate/Http/Middleware/ValidatePostSize->handle(Object(Illuminate/Http/Request), Object(Closure))
#38 C:/laragon/www/proyeklaravel2/vendor/laravel/framework/src/Illuminate/Foundation/Http/Middleware/PreventRequestsDuringMaintenance.php(109): Illuminate/Pipeline/Pipeline->Illuminate/Pipeline/{closure}(Object(Illuminate/Http/Request))
#39 C:/laragon/www/proyeklaravel2/vendor/laravel/framework/src/Illuminate/Pipeline/Pipeline.php(219): Illuminate/Foundation/Http/Middleware/PreventRequestsDuringMaintenance->handle(Object(Illuminate/Http/Request), Object(Closure))
#40 C:/laragon/www/proyeklaravel2/vendor/laravel/framework/src/Illuminate/Http/Middleware/HandleCors.php(61): Illuminate/Pipeline/Pipeline->Illuminate/Pipeline/{closure}(Object(Illuminate/Http/Request))
#41 C:/laragon/www/proyeklaravel2/vendor/laravel/framework/src/Illuminate/Pipeline/Pipeline.php(219): Illuminate/Http/Middleware/HandleCors->handle(Object(Illuminate/Http/Request), Object(Closure))
#42 C:/laragon/www/proyeklaravel2/vendor/laravel/framework/src/Illuminate/Http/Middleware/TrustProxies.php(58): Illuminate/Pipeline/Pipeline->Illuminate/Pipeline/{closure}(Object(Illuminate/Http/Request))
#43 C:/laragon/www/proyeklaravel2/vendor/laravel/framework/src/Illuminate/Pipeline/Pipeline.php(219): Illuminate/Http/Middleware/TrustProxies->handle(Object(Illuminate/Http/Request), Object(Closure))
#44 C:/laragon/www/proyeklaravel2/vendor/laravel/framework/src/Illuminate/Foundation/Http/Middleware/InvokeDeferredCallbacks.php(22): Illuminate/Pipeline/Pipeline->Illuminate/Pipeline/{closure}(Object(Illuminate/Http/Request))
#45 C:/laragon/www/proyeklaravel2/vendor/laravel/framework/src/Illuminate/Pipeline/Pipeline.php(219): Illuminate/Foundation/Http/Middleware/InvokeDeferredCallbacks->handle(Object(Illuminate/Http/Request), Object(Closure))
#46 C:/laragon/www/proyeklaravel2/vendor/laravel/framework/src/Illuminate/Http/Middleware/ValidatePathEncoding.php(28): Illuminate/Pipeline/Pipeline->Illuminate/Pipeline/{closure}(Object(Illuminate/Http/Request))
#47 C:/laragon/www/proyeklaravel2/vendor/laravel/framework/src/Illuminate/Pipeline/Pipeline.php(219): Illuminate/Http/Middleware/ValidatePathEncoding->handle(Object(Illuminate/Http/Request), Object(Closure))
#48 C:/laragon/www/proyeklaravel2/vendor/laravel/framework/src/Illuminate/Pipeline/Pipeline.php(137): Illuminate/Pipeline/Pipeline->Illuminate/Pipeline/{closure}(Object(Illuminate/Http/Request))
#49 C:/laragon/www/proyeklaravel2/vendor/laravel/framework/src/Illuminate/Foundation/Http/Kernel.php(175): Illuminate/Pipeline/Pipeline->then(Object(Closure))
#50 C:/laragon/www/proyeklaravel2/vendor/laravel/framework/src/Illuminate/Foundation/Http/Kernel.php(144): Illuminate/Foundation/Http/Kernel->sendRequestThroughRouter(Object(Illuminate/Http/Request))
#51 C:/laragon/www/proyeklaravel2/vendor/laravel/framework/src/Illuminate/Foundation/Application.php(1220): Illuminate/Foundation/Http/Kernel->handle(Object(Illuminate/Http/Request))
#52 C:/laragon/www/proyeklaravel2/public/index.php(20): Illuminate/Foundation/Application->handleRequest(Object(Illuminate/Http/Request))
#53 {main}

[previous exception] [object] (PDOException(code: 42S02): SQLSTATE[42S02]: Base table or view not found: 1146 Table 'db_sekolah_ammar.kurikulum' doesn't exist at C:/laragon/www/proyeklaravel2/vendor/laravel/framework/src/Illuminate/Database/Connection.php:421)
[stacktrace]
#0 C:/laragon/www/proyeklaravel2/vendor/laravel/framework/src/Illuminate/Database/Connection.php(421): PDO->prepare('select * from `...')
#1 C:/laragon/www/proyeklaravel2/vendor/laravel/framework/src/Illuminate/Database/Connection.php(830): Illuminate/Database/Connection->Illuminate/Database/{closure}('select * from `...', Array)
#2 C:/laragon/www/proyeklaravel2/vendor/laravel/framework/src/Illuminate/Database/Connection.php(797): Illuminate/Database/Connection->runQueryCallback('select * from `...', Array, Object(Closure))
#3 C:/laragon/www/proyeklaravel2/vendor/laravel/framework/src/Illuminate/Database/Connection.php(412): Illuminate/Database/Connection->run('select * from `...', Array, Object(Closure))
#4 C:/laragon/www/proyeklaravel2/vendor/laravel/framework/src/Illuminate/Database/Query/Builder.php(3562): Illuminate/Database/Connection->select('select * from `...', Array, true, Array)
#5 C:/laragon/www/proyeklaravel2/vendor/laravel/framework/src/Illuminate/Database/Query/Builder.php(3546): Illuminate/Database/Query/Builder->runSelect()
#6 C:/laragon/www/proyeklaravel2/app/Http/Controllers/KurikulumControllerAmmar.php(12): Illuminate/Database/Query/Builder->get()
#7 C:/laragon/www/proyeklaravel2/vendor/laravel/framework/src/Illuminate/Routing/ControllerDispatcher.php(46): App/Http/Controllers/KurikulumControllerAmmar->index()
#8 C:/laragon/www/proyeklaravel2/vendor/laravel/framework/src/Illuminate/Routing/Route.php(269): Illuminate/Routing/ControllerDispatcher->dispatch(Object(Illuminate/Routing/Route), Object(App/Http/Controllers/KurikulumControllerAmmar), 'index')
#9 C:/laragon/www/proyeklaravel2/vendor/laravel/framework/src/Illuminate/Routing/Route.php(215): Illuminate/Routing/Route->runController()
#10 C:/laragon/www/proyeklaravel2/vendor/laravel/framework/src/Illuminate/Routing/Router.php(822): Illuminate/Routing/Route->run()
#11 C:/laragon/www/proyeklaravel2/vendor/laravel/framework/src/Illuminate/Pipeline/Pipeline.php(180): Illuminate/Routing/Router->Illuminate/Routing/{closure}(Object(Illuminate/Http/Request))
#12 C:/laragon/www/proyeklaravel2/vendor/laravel/framework/src/Illuminate/Routing/Middleware/SubstituteBindings.php(52): Illuminate/Pipeline/Pipeline->Illuminate/Pipeline/{closure}(Object(Illuminate/Http/Request))
#13 C:/laragon/www/proyeklaravel2/vendor/laravel/framework/src/Illuminate/Pipeline/Pipeline.php(219): Illuminate/Routing/Middleware/SubstituteBindings->handle(Object(Illuminate/Http/Request), Object(Closure))
#14 C:/laragon/www/proyeklaravel2/vendor/laravel/framework/src/Illuminate/Foundation/Http/Middleware/PreventRequestForgery.php(104): Illuminate/Pipeline/Pipeline->Illuminate/Pipeline/{closure}(Object(Illuminate/Http/Request))
#15 C:/laragon/www/proyeklaravel2/vendor/laravel/framework/src/Illuminate/Pipeline/Pipeline.php(219): Illuminate/Foundation/Http/Middleware/PreventRequestForgery->handle(Object(Illuminate/Http/Request), Object(Closure))
#16 C:/laragon/www/proyeklaravel2/vendor/laravel/framework/src/Illuminate/View/Middleware/ShareErrorsFromSession.php(48): Illuminate/Pipeline/Pipeline->Illuminate/Pipeline/{closure}(Object(Illuminate/Http/Request))
#17 C:/laragon/www/proyeklaravel2/vendor/laravel/framework/src/Illuminate/Pipeline/Pipeline.php(219): Illuminate/View/Middleware/ShareErrorsFromSession->handle(Object(Illuminate/Http/Request), Object(Closure))
#18 C:/laragon/www/proyeklaravel2/vendor/laravel/framework/src/Illuminate/Session/Middleware/StartSession.php(120): Illuminate/Pipeline/Pipeline->Illuminate/Pipeline/{closure}(Object(Illuminate/Http/Request))
#19 C:/laragon/www/proyeklaravel2/vendor/laravel/framework/src/Illuminate/Session/Middleware/StartSession.php(63): Illuminate/Session/Middleware/StartSession->handleStatefulRequest(Object(Illuminate/Http/Request), Object(Illuminate/Session/Store), Object(Closure))
#20 C:/laragon/www/proyeklaravel2/vendor/laravel/framework/src/Illuminate/Pipeline/Pipeline.php(219): Illuminate/Session/Middleware/StartSession->handle(Object(Illuminate/Http/Request), Object(Closure))
#21 C:/laragon/www/proyeklaravel2/vendor/laravel/framework/src/Illuminate/Cookie/Middleware/AddQueuedCookiesToResponse.php(36): Illuminate/Pipeline/Pipeline->Illuminate/Pipeline/{closure}(Object(Illuminate/Http/Request))
#22 C:/laragon/www/proyeklaravel2/vendor/laravel/framework/src/Illuminate/Pipeline/Pipeline.php(219): Illuminate/Cookie/Middleware/AddQueuedCookiesToResponse->handle(Object(Illuminate/Http/Request), Object(Closure))
#23 C:/laragon/www/proyeklaravel2/vendor/laravel/framework/src/Illuminate/Cookie/Middleware/EncryptCookies.php(74): Illuminate/Pipeline/Pipeline->Illuminate/Pipeline/{closure}(Object(Illuminate/Http/Request))
#24 C:/laragon/www/proyeklaravel2/vendor/laravel/framework/src/Illuminate/Pipeline/Pipeline.php(219): Illuminate/Cookie/Middleware/EncryptCookies->handle(Object(Illuminate/Http/Request), Object(Closure))
#25 C:/laragon/www/proyeklaravel2/vendor/laravel/framework/src/Illuminate/Pipeline/Pipeline.php(137): Illuminate/Pipeline/Pipeline->Illuminate/Pipeline/{closure}(Object(Illuminate/Http/Request))
#26 C:/laragon/www/proyeklaravel2/vendor/laravel/framework/src/Illuminate/Routing/Router.php(821): Illuminate/Pipeline/Pipeline->then(Object(Closure))
#27 C:/laragon/www/proyeklaravel2/vendor/laravel/framework/src/Illuminate/Routing/Router.php(800): Illuminate/Routing/Router->runRouteWithinStack(Object(Illuminate/Routing/Route), Object(Illuminate/Http/Request))
#28 C:/laragon/www/proyeklaravel2/vendor/laravel/framework/src/Illuminate/Routing/Router.php(764): Illuminate/Routing/Router->runRoute(Object(Illuminate/Http/Request), Object(Illuminate/Routing/Route))
#29 C:/laragon/www/proyeklaravel2/vendor/laravel/framework/src/Illuminate/Routing/Router.php(753): Illuminate/Routing/Router->dispatchToRoute(Object(Illuminate/Http/Request))
#30 C:/laragon/www/proyeklaravel2/vendor/laravel/framework/src/Illuminate/Foundation/Http/Kernel.php(200): Illuminate/Routing/Router->dispatch(Object(Illuminate/Http/Request))
#31 C:/laragon/www/proyeklaravel2/vendor/laravel/framework/src/Illuminate/Pipeline/Pipeline.php(180): Illuminate/Foundation/Http/Kernel->Illuminate/Foundation/Http/{closure}(Object(Illuminate/Http/Request))
#32 C:/laragon/www/proyeklaravel2/vendor/laravel/framework/src/Illuminate/Foundation/Http/Middleware/TransformsRequest.php(21): Illuminate/Pipeline/Pipeline->Illuminate/Pipeline/{closure}(Object(Illuminate/Http/Request))
#33 C:/laragon/www/proyeklaravel2/vendor/laravel/framework/src/Illuminate/Foundation/Http/Middleware/ConvertEmptyStringsToNull.php(31): Illuminate/Foundation/Http/Middleware/TransformsRequest->handle(Object(Illuminate/Http/Request), Object(Closure))
#34 C:/laragon/www/proyeklaravel2/vendor/laravel/framework/src/Illuminate/Pipeline/Pipeline.php(219): Illuminate/Foundation/Http/Middleware/ConvertEmptyStringsToNull->handle(Object(Illuminate/Http/Request), Object(Closure))
#35 C:/laragon/www/proyeklaravel2/vendor/laravel/framework/src/Illuminate/Foundation/Http/Middleware/TransformsRequest.php(21): Illuminate/Pipeline/Pipeline->Illuminate/Pipeline/{closure}(Object(Illuminate/Http/Request))
#36 C:/laragon/www/proyeklaravel2/vendor/laravel/framework/src/Illuminate/Foundation/Http/Middleware/TrimStrings.php(51): Illuminate/Foundation/Http/Middleware/TransformsRequest->handle(Object(Illuminate/Http/Request), Object(Closure))
#37 C:/laragon/www/proyeklaravel2/vendor/laravel/framework/src/Illuminate/Pipeline/Pipeline.php(219): Illuminate/Foundation/Http/Middleware/TrimStrings->handle(Object(Illuminate/Http/Request), Object(Closure))
#38 C:/laragon/www/proyeklaravel2/vendor/laravel/framework/src/Illuminate/Http/Middleware/ValidatePostSize.php(27): Illuminate/Pipeline/Pipeline->Illuminate/Pipeline/{closure}(Object(Illuminate/Http/Request))
#39 C:/laragon/www/proyeklaravel2/vendor/laravel/framework/src/Illuminate/Pipeline/Pipeline.php(219): Illuminate/Http/Middleware/ValidatePostSize->handle(Object(Illuminate/Http/Request), Object(Closure))
#40 C:/laragon/www/proyeklaravel2/vendor/laravel/framework/src/Illuminate/Foundation/Http/Middleware/PreventRequestsDuringMaintenance.php(109): Illuminate/Pipeline/Pipeline->Illuminate/Pipeline/{closure}(Object(Illuminate/Http/Request))
#41 C:/laragon/www/proyeklaravel2/vendor/laravel/framework/src/Illuminate/Pipeline/Pipeline.php(219): Illuminate/Foundation/Http/Middleware/PreventRequestsDuringMaintenance->handle(Object(Illuminate/Http/Request), Object(Closure))
#42 C:/laragon/www/proyeklaravel2/vendor/laravel/framework/src/Illuminate/Http/Middleware/HandleCors.php(61): Illuminate/Pipeline/Pipeline->Illuminate/Pipeline/{closure}(Object(Illuminate/Http/Request))
#43 C:/laragon/www/proyeklaravel2/vendor/laravel/framework/src/Illuminate/Pipeline/Pipeline.php(219): Illuminate/Http/Middleware/HandleCors->handle(Object(Illuminate/Http/Request), Object(Closure))
#44 C:/laragon/www/proyeklaravel2/vendor/laravel/framework/src/Illuminate/Http/Middleware/TrustProxies.php(58): Illuminate/Pipeline/Pipeline->Illuminate/Pipeline/{closure}(Object(Illuminate/Http/Request))
#45 C:/laragon/www/proyeklaravel2/vendor/laravel/framework/src/Illuminate/Pipeline/Pipeline.php(219): Illuminate/Http/Middleware/TrustProxies->handle(Object(Illuminate/Http/Request), Object(Closure))
#46 C:/laragon/www/proyeklaravel2/vendor/laravel/framework/src/Illuminate/Foundation/Http/Middleware/InvokeDeferredCallbacks.php(22): Illuminate/Pipeline/Pipeline->Illuminate/Pipeline/{closure}(Object(Illuminate/Http/Request))
#47 C:/laragon/www/proyeklaravel2/vendor/laravel/framework/src/Illuminate/Pipeline/Pipeline.php(219): Illuminate/Foundation/Http/Middleware/InvokeDeferredCallbacks->handle(Object(Illuminate/Http/Request), Object(Closure))
#48 C:/laragon/www/proyeklaravel2/vendor/laravel/framework/src/Illuminate/Http/Middleware/ValidatePathEncoding.php(28): Illuminate/Pipeline/Pipeline->Illuminate/Pipeline/{closure}(Object(Illuminate/Http/Request))
#49 C:/laragon/www/proyeklaravel2/vendor/laravel/framework/src/Illuminate/Pipeline/Pipeline.php(219): Illuminate/Http/Middleware/ValidatePathEncoding->handle(Object(Illuminate/Http/Request), Object(Closure))
#50 C:/laragon/www/proyeklaravel2/vendor/laravel/framework/src/Illuminate/Pipeline/Pipeline.php(137): Illuminate/Pipeline/Pipeline->Illuminate/Pipeline/{closure}(Object(Illuminate/Http/Request))
#51 C:/laragon/www/proyeklaravel2/vendor/laravel/framework/src/Illuminate/Foundation/Http/Kernel.php(175): Illuminate/Pipeline/Pipeline->then(Object(Closure))
#52 C:/laragon/www/proyeklaravel2/vendor/laravel/framework/src/Illuminate/Foundation/Http/Kernel.php(144): Illuminate/Foundation/Http/Kernel->sendRequestThroughRouter(Object(Illuminate/Http/Request))
#53 C:/laragon/www/proyeklaravel2/vendor/laravel/framework/src/Illuminate/Foundation/Application.php(1220): Illuminate/Foundation/Http/Kernel->handle(Object(Illuminate/Http/Request))
#54 C:/laragon/www/proyeklaravel2/public/index.php(20): Illuminate/Foundation/Application->handleRequest(Object(Illuminate/Http/Request))
#55 {main}
"} 
[2026-05-05 05:03:52] local.ERROR: SQLSTATE[42S02]: Base table or view not found: 1146 Table 'db_sekolah_ammar.kurikulum' doesn't exist (Connection: mysql, Host: 127.0.0.1, Port: 3306, Database: db_sekolah_ammar, SQL: select * from `kurikulum`) {"exception":"[object] (Illuminate\\Database\\QueryException(code: 42S02): SQLSTATE[42S02]: Base table or view not found: 1146 Table 'db_sekolah_ammar.kurikulum' doesn't exist (Connection: mysql, Host: 127.0.0.1, Port: 3306, Database: db_sekolah_ammar, SQL: select * from `kurikulum`) at C:/laragon/www/proyeklaravel2/vendor/laravel/framework/src/Illuminate/Database/Connection.php:841)
[stacktrace]
#0 C:/laragon/www/proyeklaravel2/vendor/laravel/framework/src/Illuminate/Database/Connection.php(797): Illuminate/Database/Connection->runQueryCallback('select * from `...', Array, Object(Closure))
#1 C:/laragon/www/proyeklaravel2/vendor/laravel/framework/src/Illuminate/Database/Connection.php(412): Illuminate/Database/Connection->run('select * from `...', Array, Object(Closure))
#2 C:/laragon/www/proyeklaravel2/vendor/laravel/framework/src/Illuminate/Database/Query/Builder.php(3562): Illuminate/Database/Connection->select('select * from `...', Array, true, Array)
#3 C:/laragon/www/proyeklaravel2/vendor/laravel/framework/src/Illuminate/Database/Query/Builder.php(3546): Illuminate/Database/Query/Builder->runSelect()
#4 C:/laragon/www/proyeklaravel2/app/Http/Controllers/KurikulumControllerAmmar.php(12): Illuminate/Database/Query/Builder->get()
#5 C:/laragon/www/proyeklaravel2/vendor/laravel/framework/src/Illuminate/Routing/ControllerDispatcher.php(46): App/Http/Controllers/KurikulumControllerAmmar->index()
#6 C:/laragon/www/proyeklaravel2/vendor/laravel/framework/src/Illuminate/Routing/Route.php(269): Illuminate/Routing/ControllerDispatcher->dispatch(Object(Illuminate/Routing/Route), Object(App/Http/Controllers/KurikulumControllerAmmar), 'index')
#7 C:/laragon/www/proyeklaravel2/vendor/laravel/framework/src/Illuminate/Routing/Route.php(215): Illuminate/Routing/Route->runController()
#8 C:/laragon/www/proyeklaravel2/vendor/laravel/framework/src/Illuminate/Routing/Router.php(822): Illuminate/Routing/Route->run()
#9 C:/laragon/www/proyeklaravel2/vendor/laravel/framework/src/Illuminate/Pipeline/Pipeline.php(180): Illuminate/Routing/Router->Illuminate/Routing/{closure}(Object(Illuminate/Http/Request))
#10 C:/laragon/www/proyeklaravel2/vendor/laravel/framework/src/Illuminate/Routing/Middleware/SubstituteBindings.php(52): Illuminate/Pipeline/Pipeline->Illuminate/Pipeline/{closure}(Object(Illuminate/Http/Request))
#11 C:/laragon/www/proyeklaravel2/vendor/laravel/framework/src/Illuminate/Pipeline/Pipeline.php(219): Illuminate/Routing/Middleware/SubstituteBindings->handle(Object(Illuminate/Http/Request), Object(Closure))
#12 C:/laragon/www/proyeklaravel2/vendor/laravel/framework/src/Illuminate/Foundation/Http/Middleware/PreventRequestForgery.php(104): Illuminate/Pipeline/Pipeline->Illuminate/Pipeline/{closure}(Object(Illuminate/Http/Request))
#13 C:/laragon/www/proyeklaravel2/vendor/laravel/framework/src/Illuminate/Pipeline/Pipeline.php(219): Illuminate/Foundation/Http/Middleware/PreventRequestForgery->handle(Object(Illuminate/Http/Request), Object(Closure))
#14 C:/laragon/www/proyeklaravel2/vendor/laravel/framework/src/Illuminate/View/Middleware/ShareErrorsFromSession.php(48): Illuminate/Pipeline/Pipeline->Illuminate/Pipeline/{closure}(Object(Illuminate/Http/Request))
#15 C:/laragon/www/proyeklaravel2/vendor/laravel/framework/src/Illuminate/Pipeline/Pipeline.php(219): Illuminate/View/Middleware/ShareErrorsFromSession->handle(Object(Illuminate/Http/Request), Object(Closure))
#16 C:/laragon/www/proyeklaravel2/vendor/laravel/framework/src/Illuminate/Session/Middleware/StartSession.php(120): Illuminate/Pipeline/Pipeline->Illuminate/Pipeline/{closure}(Object(Illuminate/Http/Request))
#17 C:/laragon/www/proyeklaravel2/vendor/laravel/framework/src/Illuminate/Session/Middleware/StartSession.php(63): Illuminate/Session/Middleware/StartSession->handleStatefulRequest(Object(Illuminate/Http/Request), Object(Illuminate/Session/Store), Object(Closure))
#18 C:/laragon/www/proyeklaravel2/vendor/laravel/framework/src/Illuminate/Pipeline/Pipeline.php(219): Illuminate/Session/Middleware/StartSession->handle(Object(Illuminate/Http/Request), Object(Closure))
#19 C:/laragon/www/proyeklaravel2/vendor/laravel/framework/src/Illuminate/Cookie/Middleware/AddQueuedCookiesToResponse.php(36): Illuminate/Pipeline/Pipeline->Illuminate/Pipeline/{closure}(Object(Illuminate/Http/Request))
#20 C:/laragon/www/proyeklaravel2/vendor/laravel/framework/src/Illuminate/Pipeline/Pipeline.php(219): Illuminate/Cookie/Middleware/AddQueuedCookiesToResponse->handle(Object(Illuminate/Http/Request), Object(Closure))
#21 C:/laragon/www/proyeklaravel2/vendor/laravel/framework/src/Illuminate/Cookie/Middleware/EncryptCookies.php(74): Illuminate/Pipeline/Pipeline->Illuminate/Pipeline/{closure}(Object(Illuminate/Http/Request))
#22 C:/laragon/www/proyeklaravel2/vendor/laravel/framework/src/Illuminate/Pipeline/Pipeline.php(219): Illuminate/Cookie/Middleware/EncryptCookies->handle(Object(Illuminate/Http/Request), Object(Closure))
#23 C:/laragon/www/proyeklaravel2/vendor/laravel/framework/src/Illuminate/Pipeline/Pipeline.php(137): Illuminate/Pipeline/Pipeline->Illuminate/Pipeline/{closure}(Object(Illuminate/Http/Request))
#24 C:/laragon/www/proyeklaravel2/vendor/laravel/framework/src/Illuminate/Routing/Router.php(821): Illuminate/Pipeline/Pipeline->then(Object(Closure))
#25 C:/laragon/www/proyeklaravel2/vendor/laravel/framework/src/Illuminate/Routing/Router.php(800): Illuminate/Routing/Router->runRouteWithinStack(Object(Illuminate/Routing/Route), Object(Illuminate/Http/Request))
#26 C:/laragon/www/proyeklaravel2/vendor/laravel/framework/src/Illuminate/Routing/Router.php(764): Illuminate/Routing/Router->runRoute(Object(Illuminate/Http/Request), Object(Illuminate/Routing/Route))
#27 C:/laragon/www/proyeklaravel2/vendor/laravel/framework/src/Illuminate/Routing/Router.php(753): Illuminate/Routing/Router->dispatchToRoute(Object(Illuminate/Http/Request))
#28 C:/laragon/www/proyeklaravel2/vendor/laravel/framework/src/Illuminate/Foundation/Http/Kernel.php(200): Illuminate/Routing/Router->dispatch(Object(Illuminate/Http/Request))
#29 C:/laragon/www/proyeklaravel2/vendor/laravel/framework/src/Illuminate/Pipeline/Pipeline.php(180): Illuminate/Foundation/Http/Kernel->Illuminate/Foundation/Http/{closure}(Object(Illuminate/Http/Request))
#30 C:/laragon/www/proyeklaravel2/vendor/laravel/framework/src/Illuminate/Foundation/Http/Middleware/TransformsRequest.php(21): Illuminate/Pipeline/Pipeline->Illuminate/Pipeline/{closure}(Object(Illuminate/Http/Request))
#31 C:/laragon/www/proyeklaravel2/vendor/laravel/framework/src/Illuminate/Foundation/Http/Middleware/ConvertEmptyStringsToNull.php(31): Illuminate/Foundation/Http/Middleware/TransformsRequest->handle(Object(Illuminate/Http/Request), Object(Closure))
#32 C:/laragon/www/proyeklaravel2/vendor/laravel/framework/src/Illuminate/Pipeline/Pipeline.php(219): Illuminate/Foundation/Http/Middleware/ConvertEmptyStringsToNull->handle(Object(Illuminate/Http/Request), Object(Closure))
#33 C:/laragon/www/proyeklaravel2/vendor/laravel/framework/src/Illuminate/Foundation/Http/Middleware/TransformsRequest.php(21): Illuminate/Pipeline/Pipeline->Illuminate/Pipeline/{closure}(Object(Illuminate/Http/Request))
#34 C:/laragon/www/proyeklaravel2/vendor/laravel/framework/src/Illuminate/Foundation/Http/Middleware/TrimStrings.php(51): Illuminate/Foundation/Http/Middleware/TransformsRequest->handle(Object(Illuminate/Http/Request), Object(Closure))
#35 C:/laragon/www/proyeklaravel2/vendor/laravel/framework/src/Illuminate/Pipeline/Pipeline.php(219): Illuminate/Foundation/Http/Middleware/TrimStrings->handle(Object(Illuminate/Http/Request), Object(Closure))
#36 C:/laragon/www/proyeklaravel2/vendor/laravel/framework/src/Illuminate/Http/Middleware/ValidatePostSize.php(27): Illuminate/Pipeline/Pipeline->Illuminate/Pipeline/{closure}(Object(Illuminate/Http/Request))
#37 C:/laragon/www/proyeklaravel2/vendor/laravel/framework/src/Illuminate/Pipeline/Pipeline.php(219): Illuminate/Http/Middleware/ValidatePostSize->handle(Object(Illuminate/Http/Request), Object(Closure))
#38 C:/laragon/www/proyeklaravel2/vendor/laravel/framework/src/Illuminate/Foundation/Http/Middleware/PreventRequestsDuringMaintenance.php(109): Illuminate/Pipeline/Pipeline->Illuminate/Pipeline/{closure}(Object(Illuminate/Http/Request))
#39 C:/laragon/www/proyeklaravel2/vendor/laravel/framework/src/Illuminate/Pipeline/Pipeline.php(219): Illuminate/Foundation/Http/Middleware/PreventRequestsDuringMaintenance->handle(Object(Illuminate/Http/Request), Object(Closure))
#40 C:/laragon/www/proyeklaravel2/vendor/laravel/framework/src/Illuminate/Http/Middleware/HandleCors.php(61): Illuminate/Pipeline/Pipeline->Illuminate/Pipeline/{closure}(Object(Illuminate/Http/Request))
#41 C:/laragon/www/proyeklaravel2/vendor/laravel/framework/src/Illuminate/Pipeline/Pipeline.php(219): Illuminate/Http/Middleware/HandleCors->handle(Object(Illuminate/Http/Request), Object(Closure))
#42 C:/laragon/www/proyeklaravel2/vendor/laravel/framework/src/Illuminate/Http/Middleware/TrustProxies.php(58): Illuminate/Pipeline/Pipeline->Illuminate/Pipeline/{closure}(Object(Illuminate/Http/Request))
#43 C:/laragon/www/proyeklaravel2/vendor/laravel/framework/src/Illuminate/Pipeline/Pipeline.php(219): Illuminate/Http/Middleware/TrustProxies->handle(Object(Illuminate/Http/Request), Object(Closure))
#44 C:/laragon/www/proyeklaravel2/vendor/laravel/framework/src/Illuminate/Foundation/Http/Middleware/InvokeDeferredCallbacks.php(22): Illuminate/Pipeline/Pipeline->Illuminate/Pipeline/{closure}(Object(Illuminate/Http/Request))
#45 C:/laragon/www/proyeklaravel2/vendor/laravel/framework/src/Illuminate/Pipeline/Pipeline.php(219): Illuminate/Foundation/Http/Middleware/InvokeDeferredCallbacks->handle(Object(Illuminate/Http/Request), Object(Closure))
#46 C:/laragon/www/proyeklaravel2/vendor/laravel/framework/src/Illuminate/Http/Middleware/ValidatePathEncoding.php(28): Illuminate/Pipeline/Pipeline->Illuminate/Pipeline/{closure}(Object(Illuminate/Http/Request))
#47 C:/laragon/www/proyeklaravel2/vendor/laravel/framework/src/Illuminate/Pipeline/Pipeline.php(219): Illuminate/Http/Middleware/ValidatePathEncoding->handle(Object(Illuminate/Http/Request), Object(Closure))
#48 C:/laragon/www/proyeklaravel2/vendor/laravel/framework/src/Illuminate/Pipeline/Pipeline.php(137): Illuminate/Pipeline/Pipeline->Illuminate/Pipeline/{closure}(Object(Illuminate/Http/Request))
#49 C:/laragon/www/proyeklaravel2/vendor/laravel/framework/src/Illuminate/Foundation/Http/Kernel.php(175): Illuminate/Pipeline/Pipeline->then(Object(Closure))
#50 C:/laragon/www/proyeklaravel2/vendor/laravel/framework/src/Illuminate/Foundation/Http/Kernel.php(144): Illuminate/Foundation/Http/Kernel->sendRequestThroughRouter(Object(Illuminate/Http/Request))
#51 C:/laragon/www/proyeklaravel2/vendor/laravel/framework/src/Illuminate/Foundation/Application.php(1220): Illuminate/Foundation/Http/Kernel->handle(Object(Illuminate/Http/Request))
#52 C:/laragon/www/proyeklaravel2/public/index.php(20): Illuminate/Foundation/Application->handleRequest(Object(Illuminate/Http/Request))
#53 {main}

[previous exception] [object] (PDOException(code: 42S02): SQLSTATE[42S02]: Base table or view not found: 1146 Table 'db_sekolah_ammar.kurikulum' doesn't exist at C:/laragon/www/proyeklaravel2/vendor/laravel/framework/src/Illuminate/Database/Connection.php:421)
[stacktrace]
#0 C:/laragon/www/proyeklaravel2/vendor/laravel/framework/src/Illuminate/Database/Connection.php(421): PDO->prepare('select * from `...')
#1 C:/laragon/www/proyeklaravel2/vendor/laravel/framework/src/Illuminate/Database/Connection.php(830): Illuminate/Database/Connection->Illuminate/Database/{closure}('select * from `...', Array)
#2 C:/laragon/www/proyeklaravel2/vendor/laravel/framework/src/Illuminate/Database/Connection.php(797): Illuminate/Database/Connection->runQueryCallback('select * from `...', Array, Object(Closure))
#3 C:/laragon/www/proyeklaravel2/vendor/laravel/framework/src/Illuminate/Database/Connection.php(412): Illuminate/Database/Connection->run('select * from `...', Array, Object(Closure))
#4 C:/laragon/www/proyeklaravel2/vendor/laravel/framework/src/Illuminate/Database/Query/Builder.php(3562): Illuminate/Database/Connection->select('select * from `...', Array, true, Array)
#5 C:/laragon/www/proyeklaravel2/vendor/laravel/framework/src/Illuminate/Database/Query/Builder.php(3546): Illuminate/Database/Query/Builder->runSelect()
#6 C:/laragon/www/proyeklaravel2/app/Http/Controllers/KurikulumControllerAmmar.php(12): Illuminate/Database/Query/Builder->get()
#7 C:/laragon/www/proyeklaravel2/vendor/laravel/framework/src/Illuminate/Routing/ControllerDispatcher.php(46): App/Http/Controllers/KurikulumControllerAmmar->index()
#8 C:/laragon/www/proyeklaravel2/vendor/laravel/framework/src/Illuminate/Routing/Route.php(269): Illuminate/Routing/ControllerDispatcher->dispatch(Object(Illuminate/Routing/Route), Object(App/Http/Controllers/KurikulumControllerAmmar), 'index')
#9 C:/laragon/www/proyeklaravel2/vendor/laravel/framework/src/Illuminate/Routing/Route.php(215): Illuminate/Routing/Route->runController()
#10 C:/laragon/www/proyeklaravel2/vendor/laravel/framework/src/Illuminate/Routing/Router.php(822): Illuminate/Routing/Route->run()
#11 C:/laragon/www/proyeklaravel2/vendor/laravel/framework/src/Illuminate/Pipeline/Pipeline.php(180): Illuminate/Routing/Router->Illuminate/Routing/{closure}(Object(Illuminate/Http/Request))
#12 C:/laragon/www/proyeklaravel2/vendor/laravel/framework/src/Illuminate/Routing/Middleware/SubstituteBindings.php(52): Illuminate/Pipeline/Pipeline->Illuminate/Pipeline/{closure}(Object(Illuminate/Http/Request))
#13 C:/laragon/www/proyeklaravel2/vendor/laravel/framework/src/Illuminate/Pipeline/Pipeline.php(219): Illuminate/Routing/Middleware/SubstituteBindings->handle(Object(Illuminate/Http/Request), Object(Closure))
#14 C:/laragon/www/proyeklaravel2/vendor/laravel/framework/src/Illuminate/Foundation/Http/Middleware/PreventRequestForgery.php(104): Illuminate/Pipeline/Pipeline->Illuminate/Pipeline/{closure}(Object(Illuminate/Http/Request))
#15 C:/laragon/www/proyeklaravel2/vendor/laravel/framework/src/Illuminate/Pipeline/Pipeline.php(219): Illuminate/Foundation/Http/Middleware/PreventRequestForgery->handle(Object(Illuminate/Http/Request), Object(Closure))
#16 C:/laragon/www/proyeklaravel2/vendor/laravel/framework/src/Illuminate/View/Middleware/ShareErrorsFromSession.php(48): Illuminate/Pipeline/Pipeline->Illuminate/Pipeline/{closure}(Object(Illuminate/Http/Request))
#17 C:/laragon/www/proyeklaravel2/vendor/laravel/framework/src/Illuminate/Pipeline/Pipeline.php(219): Illuminate/View/Middleware/ShareErrorsFromSession->handle(Object(Illuminate/Http/Request), Object(Closure))
#18 C:/laragon/www/proyeklaravel2/vendor/laravel/framework/src/Illuminate/Session/Middleware/StartSession.php(120): Illuminate/Pipeline/Pipeline->Illuminate/Pipeline/{closure}(Object(Illuminate/Http/Request))
#19 C:/laragon/www/proyeklaravel2/vendor/laravel/framework/src/Illuminate/Session/Middleware/StartSession.php(63): Illuminate/Session/Middleware/StartSession->handleStatefulRequest(Object(Illuminate/Http/Request), Object(Illuminate/Session/Store), Object(Closure))
#20 C:/laragon/www/proyeklaravel2/vendor/laravel/framework/src/Illuminate/Pipeline/Pipeline.php(219): Illuminate/Session/Middleware/StartSession->handle(Object(Illuminate/Http/Request), Object(Closure))
#21 C:/laragon/www/proyeklaravel2/vendor/laravel/framework/src/Illuminate/Cookie/Middleware/AddQueuedCookiesToResponse.php(36): Illuminate/Pipeline/Pipeline->Illuminate/Pipeline/{closure}(Object(Illuminate/Http/Request))
#22 C:/laragon/www/proyeklaravel2/vendor/laravel/framework/src/Illuminate/Pipeline/Pipeline.php(219): Illuminate/Cookie/Middleware/AddQueuedCookiesToResponse->handle(Object(Illuminate/Http/Request), Object(Closure))
#23 C:/laragon/www/proyeklaravel2/vendor/laravel/framework/src/Illuminate/Cookie/Middleware/EncryptCookies.php(74): Illuminate/Pipeline/Pipeline->Illuminate/Pipeline/{closure}(Object(Illuminate/Http/Request))
#24 C:/laragon/www/proyeklaravel2/vendor/laravel/framework/src/Illuminate/Pipeline/Pipeline.php(219): Illuminate/Cookie/Middleware/EncryptCookies->handle(Object(Illuminate/Http/Request), Object(Closure))
#25 C:/laragon/www/proyeklaravel2/vendor/laravel/framework/src/Illuminate/Pipeline/Pipeline.php(137): Illuminate/Pipeline/Pipeline->Illuminate/Pipeline/{closure}(Object(Illuminate/Http/Request))
#26 C:/laragon/www/proyeklaravel2/vendor/laravel/framework/src/Illuminate/Routing/Router.php(821): Illuminate/Pipeline/Pipeline->then(Object(Closure))
#27 C:/laragon/www/proyeklaravel2/vendor/laravel/framework/src/Illuminate/Routing/Router.php(800): Illuminate/Routing/Router->runRouteWithinStack(Object(Illuminate/Routing/Route), Object(Illuminate/Http/Request))
#28 C:/laragon/www/proyeklaravel2/vendor/laravel/framework/src/Illuminate/Routing/Router.php(764): Illuminate/Routing/Router->runRoute(Object(Illuminate/Http/Request), Object(Illuminate/Routing/Route))
#29 C:/laragon/www/proyeklaravel2/vendor/laravel/framework/src/Illuminate/Routing/Router.php(753): Illuminate/Routing/Router->dispatchToRoute(Object(Illuminate/Http/Request))
#30 C:/laragon/www/proyeklaravel2/vendor/laravel/framework/src/Illuminate/Foundation/Http/Kernel.php(200): Illuminate/Routing/Router->dispatch(Object(Illuminate/Http/Request))
#31 C:/laragon/www/proyeklaravel2/vendor/laravel/framework/src/Illuminate/Pipeline/Pipeline.php(180): Illuminate/Foundation/Http/Kernel->Illuminate/Foundation/Http/{closure}(Object(Illuminate/Http/Request))
#32 C:/laragon/www/proyeklaravel2/vendor/laravel/framework/src/Illuminate/Foundation/Http/Middleware/TransformsRequest.php(21): Illuminate/Pipeline/Pipeline->Illuminate/Pipeline/{closure}(Object(Illuminate/Http/Request))
#33 C:/laragon/www/proyeklaravel2/vendor/laravel/framework/src/Illuminate/Foundation/Http/Middleware/ConvertEmptyStringsToNull.php(31): Illuminate/Foundation/Http/Middleware/TransformsRequest->handle(Object(Illuminate/Http/Request), Object(Closure))
#34 C:/laragon/www/proyeklaravel2/vendor/laravel/framework/src/Illuminate/Pipeline/Pipeline.php(219): Illuminate/Foundation/Http/Middleware/ConvertEmptyStringsToNull->handle(Object(Illuminate/Http/Request), Object(Closure))
#35 C:/laragon/www/proyeklaravel2/vendor/laravel/framework/src/Illuminate/Foundation/Http/Middleware/TransformsRequest.php(21): Illuminate/Pipeline/Pipeline->Illuminate/Pipeline/{closure}(Object(Illuminate/Http/Request))
#36 C:/laragon/www/proyeklaravel2/vendor/laravel/framework/src/Illuminate/Foundation/Http/Middleware/TrimStrings.php(51): Illuminate/Foundation/Http/Middleware/TransformsRequest->handle(Object(Illuminate/Http/Request), Object(Closure))
#37 C:/laragon/www/proyeklaravel2/vendor/laravel/framework/src/Illuminate/Pipeline/Pipeline.php(219): Illuminate/Foundation/Http/Middleware/TrimStrings->handle(Object(Illuminate/Http/Request), Object(Closure))
#38 C:/laragon/www/proyeklaravel2/vendor/laravel/framework/src/Illuminate/Http/Middleware/ValidatePostSize.php(27): Illuminate/Pipeline/Pipeline->Illuminate/Pipeline/{closure}(Object(Illuminate/Http/Request))
#39 C:/laragon/www/proyeklaravel2/vendor/laravel/framework/src/Illuminate/Pipeline/Pipeline.php(219): Illuminate/Http/Middleware/ValidatePostSize->handle(Object(Illuminate/Http/Request), Object(Closure))
#40 C:/laragon/www/proyeklaravel2/vendor/laravel/framework/src/Illuminate/Foundation/Http/Middleware/PreventRequestsDuringMaintenance.php(109): Illuminate/Pipeline/Pipeline->Illuminate/Pipeline/{closure}(Object(Illuminate/Http/Request))
#41 C:/laragon/www/proyeklaravel2/vendor/laravel/framework/src/Illuminate/Pipeline/Pipeline.php(219): Illuminate/Foundation/Http/Middleware/PreventRequestsDuringMaintenance->handle(Object(Illuminate/Http/Request), Object(Closure))
#42 C:/laragon/www/proyeklaravel2/vendor/laravel/framework/src/Illuminate/Http/Middleware/HandleCors.php(61): Illuminate/Pipeline/Pipeline->Illuminate/Pipeline/{closure}(Object(Illuminate/Http/Request))
#43 C:/laragon/www/proyeklaravel2/vendor/laravel/framework/src/Illuminate/Pipeline/Pipeline.php(219): Illuminate/Http/Middleware/HandleCors->handle(Object(Illuminate/Http/Request), Object(Closure))
#44 C:/laragon/www/proyeklaravel2/vendor/laravel/framework/src/Illuminate/Http/Middleware/TrustProxies.php(58): Illuminate/Pipeline/Pipeline->Illuminate/Pipeline/{closure}(Object(Illuminate/Http/Request))
#45 C:/laragon/www/proyeklaravel2/vendor/laravel/framework/src/Illuminate/Pipeline/Pipeline.php(219): Illuminate/Http/Middleware/TrustProxies->handle(Object(Illuminate/Http/Request), Object(Closure))
#46 C:/laragon/www/proyeklaravel2/vendor/laravel/framework/src/Illuminate/Foundation/Http/Middleware/InvokeDeferredCallbacks.php(22): Illuminate/Pipeline/Pipeline->Illuminate/Pipeline/{closure}(Object(Illuminate/Http/Request))
#47 C:/laragon/www/proyeklaravel2/vendor/laravel/framework/src/Illuminate/Pipeline/Pipeline.php(219): Illuminate/Foundation/Http/Middleware/InvokeDeferredCallbacks->handle(Object(Illuminate/Http/Request), Object(Closure))
#48 C:/laragon/www/proyeklaravel2/vendor/laravel/framework/src/Illuminate/Http/Middleware/ValidatePathEncoding.php(28): Illuminate/Pipeline/Pipeline->Illuminate/Pipeline/{closure}(Object(Illuminate/Http/Request))
#49 C:/laragon/www/proyeklaravel2/vendor/laravel/framework/src/Illuminate/Pipeline/Pipeline.php(219): Illuminate/Http/Middleware/ValidatePathEncoding->handle(Object(Illuminate/Http/Request), Object(Closure))
#50 C:/laragon/www/proyeklaravel2/vendor/laravel/framework/src/Illuminate/Pipeline/Pipeline.php(137): Illuminate/Pipeline/Pipeline->Illuminate/Pipeline/{closure}(Object(Illuminate/Http/Request))
#51 C:/laragon/www/proyeklaravel2/vendor/laravel/framework/src/Illuminate/Foundation/Http/Kernel.php(175): Illuminate/Pipeline/Pipeline->then(Object(Closure))
#52 C:/laragon/www/proyeklaravel2/vendor/laravel/framework/src/Illuminate/Foundation/Http/Kernel.php(144): Illuminate/Foundation/Http/Kernel->sendRequestThroughRouter(Object(Illuminate/Http/Request))
#53 C:/laragon/www/proyeklaravel2/vendor/laravel/framework/src/Illuminate/Foundation/Application.php(1220): Illuminate/Foundation/Http/Kernel->handle(Object(Illuminate/Http/Request))
#54 C:/laragon/www/proyeklaravel2/public/index.php(20): Illuminate/Foundation/Application->handleRequest(Object(Illuminate/Http/Request))
#55 {main}
"} 
[2026-05-05 05:03:54] local.ERROR: SQLSTATE[42S02]: Base table or view not found: 1146 Table 'db_sekolah_ammar.kurikulum' doesn't exist (Connection: mysql, Host: 127.0.0.1, Port: 3306, Database: db_sekolah_ammar, SQL: select * from `kurikulum`) {"exception":"[object] (Illuminate\\Database\\QueryException(code: 42S02): SQLSTATE[42S02]: Base table or view not found: 1146 Table 'db_sekolah_ammar.kurikulum' doesn't exist (Connection: mysql, Host: 127.0.0.1, Port: 3306, Database: db_sekolah_ammar, SQL: select * from `kurikulum`) at C:/laragon/www/proyeklaravel2/vendor/laravel/framework/src/Illuminate/Database/Connection.php:841)
[stacktrace]
#0 C:/laragon/www/proyeklaravel2/vendor/laravel/framework/src/Illuminate/Database/Connection.php(797): Illuminate/Database/Connection->runQueryCallback('select * from `...', Array, Object(Closure))
#1 C:/laragon/www/proyeklaravel2/vendor/laravel/framework/src/Illuminate/Database/Connection.php(412): Illuminate/Database/Connection->run('select * from `...', Array, Object(Closure))
#2 C:/laragon/www/proyeklaravel2/vendor/laravel/framework/src/Illuminate/Database/Query/Builder.php(3562): Illuminate/Database/Connection->select('select * from `...', Array, true, Array)
#3 C:/laragon/www/proyeklaravel2/vendor/laravel/framework/src/Illuminate/Database/Query/Builder.php(3546): Illuminate/Database/Query/Builder->runSelect()
#4 C:/laragon/www/proyeklaravel2/app/Http/Controllers/KurikulumControllerAmmar.php(12): Illuminate/Database/Query/Builder->get()
#5 C:/laragon/www/proyeklaravel2/vendor/laravel/framework/src/Illuminate/Routing/ControllerDispatcher.php(46): App/Http/Controllers/KurikulumControllerAmmar->index()
#6 C:/laragon/www/proyeklaravel2/vendor/laravel/framework/src/Illuminate/Routing/Route.php(269): Illuminate/Routing/ControllerDispatcher->dispatch(Object(Illuminate/Routing/Route), Object(App/Http/Controllers/KurikulumControllerAmmar), 'index')
#7 C:/laragon/www/proyeklaravel2/vendor/laravel/framework/src/Illuminate/Routing/Route.php(215): Illuminate/Routing/Route->runController()
#8 C:/laragon/www/proyeklaravel2/vendor/laravel/framework/src/Illuminate/Routing/Router.php(822): Illuminate/Routing/Route->run()
#9 C:/laragon/www/proyeklaravel2/vendor/laravel/framework/src/Illuminate/Pipeline/Pipeline.php(180): Illuminate/Routing/Router->Illuminate/Routing/{closure}(Object(Illuminate/Http/Request))
#10 C:/laragon/www/proyeklaravel2/vendor/laravel/framework/src/Illuminate/Routing/Middleware/SubstituteBindings.php(52): Illuminate/Pipeline/Pipeline->Illuminate/Pipeline/{closure}(Object(Illuminate/Http/Request))
#11 C:/laragon/www/proyeklaravel2/vendor/laravel/framework/src/Illuminate/Pipeline/Pipeline.php(219): Illuminate/Routing/Middleware/SubstituteBindings->handle(Object(Illuminate/Http/Request), Object(Closure))
#12 C:/laragon/www/proyeklaravel2/vendor/laravel/framework/src/Illuminate/Foundation/Http/Middleware/PreventRequestForgery.php(104): Illuminate/Pipeline/Pipeline->Illuminate/Pipeline/{closure}(Object(Illuminate/Http/Request))
#13 C:/laragon/www/proyeklaravel2/vendor/laravel/framework/src/Illuminate/Pipeline/Pipeline.php(219): Illuminate/Foundation/Http/Middleware/PreventRequestForgery->handle(Object(Illuminate/Http/Request), Object(Closure))
#14 C:/laragon/www/proyeklaravel2/vendor/laravel/framework/src/Illuminate/View/Middleware/ShareErrorsFromSession.php(48): Illuminate/Pipeline/Pipeline->Illuminate/Pipeline/{closure}(Object(Illuminate/Http/Request))
#15 C:/laragon/www/proyeklaravel2/vendor/laravel/framework/src/Illuminate/Pipeline/Pipeline.php(219): Illuminate/View/Middleware/ShareErrorsFromSession->handle(Object(Illuminate/Http/Request), Object(Closure))
#16 C:/laragon/www/proyeklaravel2/vendor/laravel/framework/src/Illuminate/Session/Middleware/StartSession.php(120): Illuminate/Pipeline/Pipeline->Illuminate/Pipeline/{closure}(Object(Illuminate/Http/Request))
#17 C:/laragon/www/proyeklaravel2/vendor/laravel/framework/src/Illuminate/Session/Middleware/StartSession.php(63): Illuminate/Session/Middleware/StartSession->handleStatefulRequest(Object(Illuminate/Http/Request), Object(Illuminate/Session/Store), Object(Closure))
#18 C:/laragon/www/proyeklaravel2/vendor/laravel/framework/src/Illuminate/Pipeline/Pipeline.php(219): Illuminate/Session/Middleware/StartSession->handle(Object(Illuminate/Http/Request), Object(Closure))
#19 C:/laragon/www/proyeklaravel2/vendor/laravel/framework/src/Illuminate/Cookie/Middleware/AddQueuedCookiesToResponse.php(36): Illuminate/Pipeline/Pipeline->Illuminate/Pipeline/{closure}(Object(Illuminate/Http/Request))
#20 C:/laragon/www/proyeklaravel2/vendor/laravel/framework/src/Illuminate/Pipeline/Pipeline.php(219): Illuminate/Cookie/Middleware/AddQueuedCookiesToResponse->handle(Object(Illuminate/Http/Request), Object(Closure))
#21 C:/laragon/www/proyeklaravel2/vendor/laravel/framework/src/Illuminate/Cookie/Middleware/EncryptCookies.php(74): Illuminate/Pipeline/Pipeline->Illuminate/Pipeline/{closure}(Object(Illuminate/Http/Request))
#22 C:/laragon/www/proyeklaravel2/vendor/laravel/framework/src/Illuminate/Pipeline/Pipeline.php(219): Illuminate/Cookie/Middleware/EncryptCookies->handle(Object(Illuminate/Http/Request), Object(Closure))
#23 C:/laragon/www/proyeklaravel2/vendor/laravel/framework/src/Illuminate/Pipeline/Pipeline.php(137): Illuminate/Pipeline/Pipeline->Illuminate/Pipeline/{closure}(Object(Illuminate/Http/Request))
#24 C:/laragon/www/proyeklaravel2/vendor/laravel/framework/src/Illuminate/Routing/Router.php(821): Illuminate/Pipeline/Pipeline->then(Object(Closure))
#25 C:/laragon/www/proyeklaravel2/vendor/laravel/framework/src/Illuminate/Routing/Router.php(800): Illuminate/Routing/Router->runRouteWithinStack(Object(Illuminate/Routing/Route), Object(Illuminate/Http/Request))
#26 C:/laragon/www/proyeklaravel2/vendor/laravel/framework/src/Illuminate/Routing/Router.php(764): Illuminate/Routing/Router->runRoute(Object(Illuminate/Http/Request), Object(Illuminate/Routing/Route))
#27 C:/laragon/www/proyeklaravel2/vendor/laravel/framework/src/Illuminate/Routing/Router.php(753): Illuminate/Routing/Router->dispatchToRoute(Object(Illuminate/Http/Request))
#28 C:/laragon/www/proyeklaravel2/vendor/laravel/framework/src/Illuminate/Foundation/Http/Kernel.php(200): Illuminate/Routing/Router->dispatch(Object(Illuminate/Http/Request))
#29 C:/laragon/www/proyeklaravel2/vendor/laravel/framework/src/Illuminate/Pipeline/Pipeline.php(180): Illuminate/Foundation/Http/Kernel->Illuminate/Foundation/Http/{closure}(Object(Illuminate/Http/Request))
#30 C:/laragon/www/proyeklaravel2/vendor/laravel/framework/src/Illuminate/Foundation/Http/Middleware/TransformsRequest.php(21): Illuminate/Pipeline/Pipeline->Illuminate/Pipeline/{closure}(Object(Illuminate/Http/Request))
#31 C:/laragon/www/proyeklaravel2/vendor/laravel/framework/src/Illuminate/Foundation/Http/Middleware/ConvertEmptyStringsToNull.php(31): Illuminate/Foundation/Http/Middleware/TransformsRequest->handle(Object(Illuminate/Http/Request), Object(Closure))
#32 C:/laragon/www/proyeklaravel2/vendor/laravel/framework/src/Illuminate/Pipeline/Pipeline.php(219): Illuminate/Foundation/Http/Middleware/ConvertEmptyStringsToNull->handle(Object(Illuminate/Http/Request), Object(Closure))
#33 C:/laragon/www/proyeklaravel2/vendor/laravel/framework/src/Illuminate/Foundation/Http/Middleware/TransformsRequest.php(21): Illuminate/Pipeline/Pipeline->Illuminate/Pipeline/{closure}(Object(Illuminate/Http/Request))
#34 C:/laragon/www/proyeklaravel2/vendor/laravel/framework/src/Illuminate/Foundation/Http/Middleware/TrimStrings.php(51): Illuminate/Foundation/Http/Middleware/TransformsRequest->handle(Object(Illuminate/Http/Request), Object(Closure))
#35 C:/laragon/www/proyeklaravel2/vendor/laravel/framework/src/Illuminate/Pipeline/Pipeline.php(219): Illuminate/Foundation/Http/Middleware/TrimStrings->handle(Object(Illuminate/Http/Request), Object(Closure))
#36 C:/laragon/www/proyeklaravel2/vendor/laravel/framework/src/Illuminate/Http/Middleware/ValidatePostSize.php(27): Illuminate/Pipeline/Pipeline->Illuminate/Pipeline/{closure}(Object(Illuminate/Http/Request))
#37 C:/laragon/www/proyeklaravel2/vendor/laravel/framework/src/Illuminate/Pipeline/Pipeline.php(219): Illuminate/Http/Middleware/ValidatePostSize->handle(Object(Illuminate/Http/Request), Object(Closure))
#38 C:/laragon/www/proyeklaravel2/vendor/laravel/framework/src/Illuminate/Foundation/Http/Middleware/PreventRequestsDuringMaintenance.php(109): Illuminate/Pipeline/Pipeline->Illuminate/Pipeline/{closure}(Object(Illuminate/Http/Request))
#39 C:/laragon/www/proyeklaravel2/vendor/laravel/framework/src/Illuminate/Pipeline/Pipeline.php(219): Illuminate/Foundation/Http/Middleware/PreventRequestsDuringMaintenance->handle(Object(Illuminate/Http/Request), Object(Closure))
#40 C:/laragon/www/proyeklaravel2/vendor/laravel/framework/src/Illuminate/Http/Middleware/HandleCors.php(61): Illuminate/Pipeline/Pipeline->Illuminate/Pipeline/{closure}(Object(Illuminate/Http/Request))
#41 C:/laragon/www/proyeklaravel2/vendor/laravel/framework/src/Illuminate/Pipeline/Pipeline.php(219): Illuminate/Http/Middleware/HandleCors->handle(Object(Illuminate/Http/Request), Object(Closure))
#42 C:/laragon/www/proyeklaravel2/vendor/laravel/framework/src/Illuminate/Http/Middleware/TrustProxies.php(58): Illuminate/Pipeline/Pipeline->Illuminate/Pipeline/{closure}(Object(Illuminate/Http/Request))
#43 C:/laragon/www/proyeklaravel2/vendor/laravel/framework/src/Illuminate/Pipeline/Pipeline.php(219): Illuminate/Http/Middleware/TrustProxies->handle(Object(Illuminate/Http/Request), Object(Closure))
#44 C:/laragon/www/proyeklaravel2/vendor/laravel/framework/src/Illuminate/Foundation/Http/Middleware/InvokeDeferredCallbacks.php(22): Illuminate/Pipeline/Pipeline->Illuminate/Pipeline/{closure}(Object(Illuminate/Http/Request))
#45 C:/laragon/www/proyeklaravel2/vendor/laravel/framework/src/Illuminate/Pipeline/Pipeline.php(219): Illuminate/Foundation/Http/Middleware/InvokeDeferredCallbacks->handle(Object(Illuminate/Http/Request), Object(Closure))
#46 C:/laragon/www/proyeklaravel2/vendor/laravel/framework/src/Illuminate/Http/Middleware/ValidatePathEncoding.php(28): Illuminate/Pipeline/Pipeline->Illuminate/Pipeline/{closure}(Object(Illuminate/Http/Request))
#47 C:/laragon/www/proyeklaravel2/vendor/laravel/framework/src/Illuminate/Pipeline/Pipeline.php(219): Illuminate/Http/Middleware/ValidatePathEncoding->handle(Object(Illuminate/Http/Request), Object(Closure))
#48 C:/laragon/www/proyeklaravel2/vendor/laravel/framework/src/Illuminate/Pipeline/Pipeline.php(137): Illuminate/Pipeline/Pipeline->Illuminate/Pipeline/{closure}(Object(Illuminate/Http/Request))
#49 C:/laragon/www/proyeklaravel2/vendor/laravel/framework/src/Illuminate/Foundation/Http/Kernel.php(175): Illuminate/Pipeline/Pipeline->then(Object(Closure))
#50 C:/laragon/www/proyeklaravel2/vendor/laravel/framework/src/Illuminate/Foundation/Http/Kernel.php(144): Illuminate/Foundation/Http/Kernel->sendRequestThroughRouter(Object(Illuminate/Http/Request))
#51 C:/laragon/www/proyeklaravel2/vendor/laravel/framework/src/Illuminate/Foundation/Application.php(1220): Illuminate/Foundation/Http/Kernel->handle(Object(Illuminate/Http/Request))
#52 C:/laragon/www/proyeklaravel2/public/index.php(20): Illuminate/Foundation/Application->handleRequest(Object(Illuminate/Http/Request))
#53 {main}

[previous exception] [object] (PDOException(code: 42S02): SQLSTATE[42S02]: Base table or view not found: 1146 Table 'db_sekolah_ammar.kurikulum' doesn't exist at C:/laragon/www/proyeklaravel2/vendor/laravel/framework/src/Illuminate/Database/Connection.php:421)
[stacktrace]
#0 C:/laragon/www/proyeklaravel2/vendor/laravel/framework/src/Illuminate/Database/Connection.php(421): PDO->prepare('select * from `...')
#1 C:/laragon/www/proyeklaravel2/vendor/laravel/framework/src/Illuminate/Database/Connection.php(830): Illuminate/Database/Connection->Illuminate/Database/{closure}('select * from `...', Array)
#2 C:/laragon/www/proyeklaravel2/vendor/laravel/framework/src/Illuminate/Database/Connection.php(797): Illuminate/Database/Connection->runQueryCallback('select * from `...', Array, Object(Closure))
#3 C:/laragon/www/proyeklaravel2/vendor/laravel/framework/src/Illuminate/Database/Connection.php(412): Illuminate/Database/Connection->run('select * from `...', Array, Object(Closure))
#4 C:/laragon/www/proyeklaravel2/vendor/laravel/framework/src/Illuminate/Database/Query/Builder.php(3562): Illuminate/Database/Connection->select('select * from `...', Array, true, Array)
#5 C:/laragon/www/proyeklaravel2/vendor/laravel/framework/src/Illuminate/Database/Query/Builder.php(3546): Illuminate/Database/Query/Builder->runSelect()
#6 C:/laragon/www/proyeklaravel2/app/Http/Controllers/KurikulumControllerAmmar.php(12): Illuminate/Database/Query/Builder->get()
#7 C:/laragon/www/proyeklaravel2/vendor/laravel/framework/src/Illuminate/Routing/ControllerDispatcher.php(46): App/Http/Controllers/KurikulumControllerAmmar->index()
#8 C:/laragon/www/proyeklaravel2/vendor/laravel/framework/src/Illuminate/Routing/Route.php(269): Illuminate/Routing/ControllerDispatcher->dispatch(Object(Illuminate/Routing/Route), Object(App/Http/Controllers/KurikulumControllerAmmar), 'index')
#9 C:/laragon/www/proyeklaravel2/vendor/laravel/framework/src/Illuminate/Routing/Route.php(215): Illuminate/Routing/Route->runController()
#10 C:/laragon/www/proyeklaravel2/vendor/laravel/framework/src/Illuminate/Routing/Router.php(822): Illuminate/Routing/Route->run()
#11 C:/laragon/www/proyeklaravel2/vendor/laravel/framework/src/Illuminate/Pipeline/Pipeline.php(180): Illuminate/Routing/Router->Illuminate/Routing/{closure}(Object(Illuminate/Http/Request))
#12 C:/laragon/www/proyeklaravel2/vendor/laravel/framework/src/Illuminate/Routing/Middleware/SubstituteBindings.php(52): Illuminate/Pipeline/Pipeline->Illuminate/Pipeline/{closure}(Object(Illuminate/Http/Request))
#13 C:/laragon/www/proyeklaravel2/vendor/laravel/framework/src/Illuminate/Pipeline/Pipeline.php(219): Illuminate/Routing/Middleware/SubstituteBindings->handle(Object(Illuminate/Http/Request), Object(Closure))
#14 C:/laragon/www/proyeklaravel2/vendor/laravel/framework/src/Illuminate/Foundation/Http/Middleware/PreventRequestForgery.php(104): Illuminate/Pipeline/Pipeline->Illuminate/Pipeline/{closure}(Object(Illuminate/Http/Request))
#15 C:/laragon/www/proyeklaravel2/vendor/laravel/framework/src/Illuminate/Pipeline/Pipeline.php(219): Illuminate/Foundation/Http/Middleware/PreventRequestForgery->handle(Object(Illuminate/Http/Request), Object(Closure))
#16 C:/laragon/www/proyeklaravel2/vendor/laravel/framework/src/Illuminate/View/Middleware/ShareErrorsFromSession.php(48): Illuminate/Pipeline/Pipeline->Illuminate/Pipeline/{closure}(Object(Illuminate/Http/Request))
#17 C:/laragon/www/proyeklaravel2/vendor/laravel/framework/src/Illuminate/Pipeline/Pipeline.php(219): Illuminate/View/Middleware/ShareErrorsFromSession->handle(Object(Illuminate/Http/Request), Object(Closure))
#18 C:/laragon/www/proyeklaravel2/vendor/laravel/framework/src/Illuminate/Session/Middleware/StartSession.php(120): Illuminate/Pipeline/Pipeline->Illuminate/Pipeline/{closure}(Object(Illuminate/Http/Request))
#19 C:/laragon/www/proyeklaravel2/vendor/laravel/framework/src/Illuminate/Session/Middleware/StartSession.php(63): Illuminate/Session/Middleware/StartSession->handleStatefulRequest(Object(Illuminate/Http/Request), Object(Illuminate/Session/Store), Object(Closure))
#20 C:/laragon/www/proyeklaravel2/vendor/laravel/framework/src/Illuminate/Pipeline/Pipeline.php(219): Illuminate/Session/Middleware/StartSession->handle(Object(Illuminate/Http/Request), Object(Closure))
#21 C:/laragon/www/proyeklaravel2/vendor/laravel/framework/src/Illuminate/Cookie/Middleware/AddQueuedCookiesToResponse.php(36): Illuminate/Pipeline/Pipeline->Illuminate/Pipeline/{closure}(Object(Illuminate/Http/Request))
#22 C:/laragon/www/proyeklaravel2/vendor/laravel/framework/src/Illuminate/Pipeline/Pipeline.php(219): Illuminate/Cookie/Middleware/AddQueuedCookiesToResponse->handle(Object(Illuminate/Http/Request), Object(Closure))
#23 C:/laragon/www/proyeklaravel2/vendor/laravel/framework/src/Illuminate/Cookie/Middleware/EncryptCookies.php(74): Illuminate/Pipeline/Pipeline->Illuminate/Pipeline/{closure}(Object(Illuminate/Http/Request))
#24 C:/laragon/www/proyeklaravel2/vendor/laravel/framework/src/Illuminate/Pipeline/Pipeline.php(219): Illuminate/Cookie/Middleware/EncryptCookies->handle(Object(Illuminate/Http/Request), Object(Closure))
#25 C:/laragon/www/proyeklaravel2/vendor/laravel/framework/src/Illuminate/Pipeline/Pipeline.php(137): Illuminate/Pipeline/Pipeline->Illuminate/Pipeline/{closure}(Object(Illuminate/Http/Request))
#26 C:/laragon/www/proyeklaravel2/vendor/laravel/framework/src/Illuminate/Routing/Router.php(821): Illuminate/Pipeline/Pipeline->then(Object(Closure))
#27 C:/laragon/www/proyeklaravel2/vendor/laravel/framework/src/Illuminate/Routing/Router.php(800): Illuminate/Routing/Router->runRouteWithinStack(Object(Illuminate/Routing/Route), Object(Illuminate/Http/Request))
#28 C:/laragon/www/proyeklaravel2/vendor/laravel/framework/src/Illuminate/Routing/Router.php(764): Illuminate/Routing/Router->runRoute(Object(Illuminate/Http/Request), Object(Illuminate/Routing/Route))
#29 C:/laragon/www/proyeklaravel2/vendor/laravel/framework/src/Illuminate/Routing/Router.php(753): Illuminate/Routing/Router->dispatchToRoute(Object(Illuminate/Http/Request))
#30 C:/laragon/www/proyeklaravel2/vendor/laravel/framework/src/Illuminate/Foundation/Http/Kernel.php(200): Illuminate/Routing/Router->dispatch(Object(Illuminate/Http/Request))
#31 C:/laragon/www/proyeklaravel2/vendor/laravel/framework/src/Illuminate/Pipeline/Pipeline.php(180): Illuminate/Foundation/Http/Kernel->Illuminate/Foundation/Http/{closure}(Object(Illuminate/Http/Request))
#32 C:/laragon/www/proyeklaravel2/vendor/laravel/framework/src/Illuminate/Foundation/Http/Middleware/TransformsRequest.php(21): Illuminate/Pipeline/Pipeline->Illuminate/Pipeline/{closure}(Object(Illuminate/Http/Request))
#33 C:/laragon/www/proyeklaravel2/vendor/laravel/framework/src/Illuminate/Foundation/Http/Middleware/ConvertEmptyStringsToNull.php(31): Illuminate/Foundation/Http/Middleware/TransformsRequest->handle(Object(Illuminate/Http/Request), Object(Closure))
#34 C:/laragon/www/proyeklaravel2/vendor/laravel/framework/src/Illuminate/Pipeline/Pipeline.php(219): Illuminate/Foundation/Http/Middleware/ConvertEmptyStringsToNull->handle(Object(Illuminate/Http/Request), Object(Closure))
#35 C:/laragon/www/proyeklaravel2/vendor/laravel/framework/src/Illuminate/Foundation/Http/Middleware/TransformsRequest.php(21): Illuminate/Pipeline/Pipeline->Illuminate/Pipeline/{closure}(Object(Illuminate/Http/Request))
#36 C:/laragon/www/proyeklaravel2/vendor/laravel/framework/src/Illuminate/Foundation/Http/Middleware/TrimStrings.php(51): Illuminate/Foundation/Http/Middleware/TransformsRequest->handle(Object(Illuminate/Http/Request), Object(Closure))
#37 C:/laragon/www/proyeklaravel2/vendor/laravel/framework/src/Illuminate/Pipeline/Pipeline.php(219): Illuminate/Foundation/Http/Middleware/TrimStrings->handle(Object(Illuminate/Http/Request), Object(Closure))
#38 C:/laragon/www/proyeklaravel2/vendor/laravel/framework/src/Illuminate/Http/Middleware/ValidatePostSize.php(27): Illuminate/Pipeline/Pipeline->Illuminate/Pipeline/{closure}(Object(Illuminate/Http/Request))
#39 C:/laragon/www/proyeklaravel2/vendor/laravel/framework/src/Illuminate/Pipeline/Pipeline.php(219): Illuminate/Http/Middleware/ValidatePostSize->handle(Object(Illuminate/Http/Request), Object(Closure))
#40 C:/laragon/www/proyeklaravel2/vendor/laravel/framework/src/Illuminate/Foundation/Http/Middleware/PreventRequestsDuringMaintenance.php(109): Illuminate/Pipeline/Pipeline->Illuminate/Pipeline/{closure}(Object(Illuminate/Http/Request))
#41 C:/laragon/www/proyeklaravel2/vendor/laravel/framework/src/Illuminate/Pipeline/Pipeline.php(219): Illuminate/Foundation/Http/Middleware/PreventRequestsDuringMaintenance->handle(Object(Illuminate/Http/Request), Object(Closure))
#42 C:/laragon/www/proyeklaravel2/vendor/laravel/framework/src/Illuminate/Http/Middleware/HandleCors.php(61): Illuminate/Pipeline/Pipeline->Illuminate/Pipeline/{closure}(Object(Illuminate/Http/Request))
#43 C:/laragon/www/proyeklaravel2/vendor/laravel/framework/src/Illuminate/Pipeline/Pipeline.php(219): Illuminate/Http/Middleware/HandleCors->handle(Object(Illuminate/Http/Request), Object(Closure))
#44 C:/laragon/www/proyeklaravel2/vendor/laravel/framework/src/Illuminate/Http/Middleware/TrustProxies.php(58): Illuminate/Pipeline/Pipeline->Illuminate/Pipeline/{closure}(Object(Illuminate/Http/Request))
#45 C:/laragon/www/proyeklaravel2/vendor/laravel/framework/src/Illuminate/Pipeline/Pipeline.php(219): Illuminate/Http/Middleware/TrustProxies->handle(Object(Illuminate/Http/Request), Object(Closure))
#46 C:/laragon/www/proyeklaravel2/vendor/laravel/framework/src/Illuminate/Foundation/Http/Middleware/InvokeDeferredCallbacks.php(22): Illuminate/Pipeline/Pipeline->Illuminate/Pipeline/{closure}(Object(Illuminate/Http/Request))
#47 C:/laragon/www/proyeklaravel2/vendor/laravel/framework/src/Illuminate/Pipeline/Pipeline.php(219): Illuminate/Foundation/Http/Middleware/InvokeDeferredCallbacks->handle(Object(Illuminate/Http/Request), Object(Closure))
#48 C:/laragon/www/proyeklaravel2/vendor/laravel/framework/src/Illuminate/Http/Middleware/ValidatePathEncoding.php(28): Illuminate/Pipeline/Pipeline->Illuminate/Pipeline/{closure}(Object(Illuminate/Http/Request))
#49 C:/laragon/www/proyeklaravel2/vendor/laravel/framework/src/Illuminate/Pipeline/Pipeline.php(219): Illuminate/Http/Middleware/ValidatePathEncoding->handle(Object(Illuminate/Http/Request), Object(Closure))
#50 C:/laragon/www/proyeklaravel2/vendor/laravel/framework/src/Illuminate/Pipeline/Pipeline.php(137): Illuminate/Pipeline/Pipeline->Illuminate/Pipeline/{closure}(Object(Illuminate/Http/Request))
#51 C:/laragon/www/proyeklaravel2/vendor/laravel/framework/src/Illuminate/Foundation/Http/Kernel.php(175): Illuminate/Pipeline/Pipeline->then(Object(Closure))
#52 C:/laragon/www/proyeklaravel2/vendor/laravel/framework/src/Illuminate/Foundation/Http/Kernel.php(144): Illuminate/Foundation/Http/Kernel->sendRequestThroughRouter(Object(Illuminate/Http/Request))
#53 C:/laragon/www/proyeklaravel2/vendor/laravel/framework/src/Illuminate/Foundation/Application.php(1220): Illuminate/Foundation/Http/Kernel->handle(Object(Illuminate/Http/Request))
#54 C:/laragon/www/proyeklaravel2/public/index.php(20): Illuminate/Foundation/Application->handleRequest(Object(Illuminate/Http/Request))
#55 {main}
"} 
[2026-05-05 05:03:55] local.ERROR: SQLSTATE[42S02]: Base table or view not found: 1146 Table 'db_sekolah_ammar.kurikulum' doesn't exist (Connection: mysql, Host: 127.0.0.1, Port: 3306, Database: db_sekolah_ammar, SQL: select * from `kurikulum`) {"exception":"[object] (Illuminate\\Database\\QueryException(code: 42S02): SQLSTATE[42S02]: Base table or view not found: 1146 Table 'db_sekolah_ammar.kurikulum' doesn't exist (Connection: mysql, Host: 127.0.0.1, Port: 3306, Database: db_sekolah_ammar, SQL: select * from `kurikulum`) at C:/laragon/www/proyeklaravel2/vendor/laravel/framework/src/Illuminate/Database/Connection.php:841)
[stacktrace]
#0 C:/laragon/www/proyeklaravel2/vendor/laravel/framework/src/Illuminate/Database/Connection.php(797): Illuminate/Database/Connection->runQueryCallback('select * from `...', Array, Object(Closure))
#1 C:/laragon/www/proyeklaravel2/vendor/laravel/framework/src/Illuminate/Database/Connection.php(412): Illuminate/Database/Connection->run('select * from `...', Array, Object(Closure))
#2 C:/laragon/www/proyeklaravel2/vendor/laravel/framework/src/Illuminate/Database/Query/Builder.php(3562): Illuminate/Database/Connection->select('select * from `...', Array, true, Array)
#3 C:/laragon/www/proyeklaravel2/vendor/laravel/framework/src/Illuminate/Database/Query/Builder.php(3546): Illuminate/Database/Query/Builder->runSelect()
#4 C:/laragon/www/proyeklaravel2/app/Http/Controllers/KurikulumControllerAmmar.php(12): Illuminate/Database/Query/Builder->get()
#5 C:/laragon/www/proyeklaravel2/vendor/laravel/framework/src/Illuminate/Routing/ControllerDispatcher.php(46): App/Http/Controllers/KurikulumControllerAmmar->index()
#6 C:/laragon/www/proyeklaravel2/vendor/laravel/framework/src/Illuminate/Routing/Route.php(269): Illuminate/Routing/ControllerDispatcher->dispatch(Object(Illuminate/Routing/Route), Object(App/Http/Controllers/KurikulumControllerAmmar), 'index')
#7 C:/laragon/www/proyeklaravel2/vendor/laravel/framework/src/Illuminate/Routing/Route.php(215): Illuminate/Routing/Route->runController()
#8 C:/laragon/www/proyeklaravel2/vendor/laravel/framework/src/Illuminate/Routing/Router.php(822): Illuminate/Routing/Route->run()
#9 C:/laragon/www/proyeklaravel2/vendor/laravel/framework/src/Illuminate/Pipeline/Pipeline.php(180): Illuminate/Routing/Router->Illuminate/Routing/{closure}(Object(Illuminate/Http/Request))
#10 C:/laragon/www/proyeklaravel2/vendor/laravel/framework/src/Illuminate/Routing/Middleware/SubstituteBindings.php(52): Illuminate/Pipeline/Pipeline->Illuminate/Pipeline/{closure}(Object(Illuminate/Http/Request))
#11 C:/laragon/www/proyeklaravel2/vendor/laravel/framework/src/Illuminate/Pipeline/Pipeline.php(219): Illuminate/Routing/Middleware/SubstituteBindings->handle(Object(Illuminate/Http/Request), Object(Closure))
#12 C:/laragon/www/proyeklaravel2/vendor/laravel/framework/src/Illuminate/Foundation/Http/Middleware/PreventRequestForgery.php(104): Illuminate/Pipeline/Pipeline->Illuminate/Pipeline/{closure}(Object(Illuminate/Http/Request))
#13 C:/laragon/www/proyeklaravel2/vendor/laravel/framework/src/Illuminate/Pipeline/Pipeline.php(219): Illuminate/Foundation/Http/Middleware/PreventRequestForgery->handle(Object(Illuminate/Http/Request), Object(Closure))
#14 C:/laragon/www/proyeklaravel2/vendor/laravel/framework/src/Illuminate/View/Middleware/ShareErrorsFromSession.php(48): Illuminate/Pipeline/Pipeline->Illuminate/Pipeline/{closure}(Object(Illuminate/Http/Request))
#15 C:/laragon/www/proyeklaravel2/vendor/laravel/framework/src/Illuminate/Pipeline/Pipeline.php(219): Illuminate/View/Middleware/ShareErrorsFromSession->handle(Object(Illuminate/Http/Request), Object(Closure))
#16 C:/laragon/www/proyeklaravel2/vendor/laravel/framework/src/Illuminate/Session/Middleware/StartSession.php(120): Illuminate/Pipeline/Pipeline->Illuminate/Pipeline/{closure}(Object(Illuminate/Http/Request))
#17 C:/laragon/www/proyeklaravel2/vendor/laravel/framework/src/Illuminate/Session/Middleware/StartSession.php(63): Illuminate/Session/Middleware/StartSession->handleStatefulRequest(Object(Illuminate/Http/Request), Object(Illuminate/Session/Store), Object(Closure))
#18 C:/laragon/www/proyeklaravel2/vendor/laravel/framework/src/Illuminate/Pipeline/Pipeline.php(219): Illuminate/Session/Middleware/StartSession->handle(Object(Illuminate/Http/Request), Object(Closure))
#19 C:/laragon/www/proyeklaravel2/vendor/laravel/framework/src/Illuminate/Cookie/Middleware/AddQueuedCookiesToResponse.php(36): Illuminate/Pipeline/Pipeline->Illuminate/Pipeline/{closure}(Object(Illuminate/Http/Request))
#20 C:/laragon/www/proyeklaravel2/vendor/laravel/framework/src/Illuminate/Pipeline/Pipeline.php(219): Illuminate/Cookie/Middleware/AddQueuedCookiesToResponse->handle(Object(Illuminate/Http/Request), Object(Closure))
#21 C:/laragon/www/proyeklaravel2/vendor/laravel/framework/src/Illuminate/Cookie/Middleware/EncryptCookies.php(74): Illuminate/Pipeline/Pipeline->Illuminate/Pipeline/{closure}(Object(Illuminate/Http/Request))
#22 C:/laragon/www/proyeklaravel2/vendor/laravel/framework/src/Illuminate/Pipeline/Pipeline.php(219): Illuminate/Cookie/Middleware/EncryptCookies->handle(Object(Illuminate/Http/Request), Object(Closure))
#23 C:/laragon/www/proyeklaravel2/vendor/laravel/framework/src/Illuminate/Pipeline/Pipeline.php(137): Illuminate/Pipeline/Pipeline->Illuminate/Pipeline/{closure}(Object(Illuminate/Http/Request))
#24 C:/laragon/www/proyeklaravel2/vendor/laravel/framework/src/Illuminate/Routing/Router.php(821): Illuminate/Pipeline/Pipeline->then(Object(Closure))
#25 C:/laragon/www/proyeklaravel2/vendor/laravel/framework/src/Illuminate/Routing/Router.php(800): Illuminate/Routing/Router->runRouteWithinStack(Object(Illuminate/Routing/Route), Object(Illuminate/Http/Request))
#26 C:/laragon/www/proyeklaravel2/vendor/laravel/framework/src/Illuminate/Routing/Router.php(764): Illuminate/Routing/Router->runRoute(Object(Illuminate/Http/Request), Object(Illuminate/Routing/Route))
#27 C:/laragon/www/proyeklaravel2/vendor/laravel/framework/src/Illuminate/Routing/Router.php(753): Illuminate/Routing/Router->dispatchToRoute(Object(Illuminate/Http/Request))
#28 C:/laragon/www/proyeklaravel2/vendor/laravel/framework/src/Illuminate/Foundation/Http/Kernel.php(200): Illuminate/Routing/Router->dispatch(Object(Illuminate/Http/Request))
#29 C:/laragon/www/proyeklaravel2/vendor/laravel/framework/src/Illuminate/Pipeline/Pipeline.php(180): Illuminate/Foundation/Http/Kernel->Illuminate/Foundation/Http/{closure}(Object(Illuminate/Http/Request))
#30 C:/laragon/www/proyeklaravel2/vendor/laravel/framework/src/Illuminate/Foundation/Http/Middleware/TransformsRequest.php(21): Illuminate/Pipeline/Pipeline->Illuminate/Pipeline/{closure}(Object(Illuminate/Http/Request))
#31 C:/laragon/www/proyeklaravel2/vendor/laravel/framework/src/Illuminate/Foundation/Http/Middleware/ConvertEmptyStringsToNull.php(31): Illuminate/Foundation/Http/Middleware/TransformsRequest->handle(Object(Illuminate/Http/Request), Object(Closure))
#32 C:/laragon/www/proyeklaravel2/vendor/laravel/framework/src/Illuminate/Pipeline/Pipeline.php(219): Illuminate/Foundation/Http/Middleware/ConvertEmptyStringsToNull->handle(Object(Illuminate/Http/Request), Object(Closure))
#33 C:/laragon/www/proyeklaravel2/vendor/laravel/framework/src/Illuminate/Foundation/Http/Middleware/TransformsRequest.php(21): Illuminate/Pipeline/Pipeline->Illuminate/Pipeline/{closure}(Object(Illuminate/Http/Request))
#34 C:/laragon/www/proyeklaravel2/vendor/laravel/framework/src/Illuminate/Foundation/Http/Middleware/TrimStrings.php(51): Illuminate/Foundation/Http/Middleware/TransformsRequest->handle(Object(Illuminate/Http/Request), Object(Closure))
#35 C:/laragon/www/proyeklaravel2/vendor/laravel/framework/src/Illuminate/Pipeline/Pipeline.php(219): Illuminate/Foundation/Http/Middleware/TrimStrings->handle(Object(Illuminate/Http/Request), Object(Closure))
#36 C:/laragon/www/proyeklaravel2/vendor/laravel/framework/src/Illuminate/Http/Middleware/ValidatePostSize.php(27): Illuminate/Pipeline/Pipeline->Illuminate/Pipeline/{closure}(Object(Illuminate/Http/Request))
#37 C:/laragon/www/proyeklaravel2/vendor/laravel/framework/src/Illuminate/Pipeline/Pipeline.php(219): Illuminate/Http/Middleware/ValidatePostSize->handle(Object(Illuminate/Http/Request), Object(Closure))
#38 C:/laragon/www/proyeklaravel2/vendor/laravel/framework/src/Illuminate/Foundation/Http/Middleware/PreventRequestsDuringMaintenance.php(109): Illuminate/Pipeline/Pipeline->Illuminate/Pipeline/{closure}(Object(Illuminate/Http/Request))
#39 C:/laragon/www/proyeklaravel2/vendor/laravel/framework/src/Illuminate/Pipeline/Pipeline.php(219): Illuminate/Foundation/Http/Middleware/PreventRequestsDuringMaintenance->handle(Object(Illuminate/Http/Request), Object(Closure))
#40 C:/laragon/www/proyeklaravel2/vendor/laravel/framework/src/Illuminate/Http/Middleware/HandleCors.php(61): Illuminate/Pipeline/Pipeline->Illuminate/Pipeline/{closure}(Object(Illuminate/Http/Request))
#41 C:/laragon/www/proyeklaravel2/vendor/laravel/framework/src/Illuminate/Pipeline/Pipeline.php(219): Illuminate/Http/Middleware/HandleCors->handle(Object(Illuminate/Http/Request), Object(Closure))
#42 C:/laragon/www/proyeklaravel2/vendor/laravel/framework/src/Illuminate/Http/Middleware/TrustProxies.php(58): Illuminate/Pipeline/Pipeline->Illuminate/Pipeline/{closure}(Object(Illuminate/Http/Request))
#43 C:/laragon/www/proyeklaravel2/vendor/laravel/framework/src/Illuminate/Pipeline/Pipeline.php(219): Illuminate/Http/Middleware/TrustProxies->handle(Object(Illuminate/Http/Request), Object(Closure))
#44 C:/laragon/www/proyeklaravel2/vendor/laravel/framework/src/Illuminate/Foundation/Http/Middleware/InvokeDeferredCallbacks.php(22): Illuminate/Pipeline/Pipeline->Illuminate/Pipeline/{closure}(Object(Illuminate/Http/Request))
#45 C:/laragon/www/proyeklaravel2/vendor/laravel/framework/src/Illuminate/Pipeline/Pipeline.php(219): Illuminate/Foundation/Http/Middleware/InvokeDeferredCallbacks->handle(Object(Illuminate/Http/Request), Object(Closure))
#46 C:/laragon/www/proyeklaravel2/vendor/laravel/framework/src/Illuminate/Http/Middleware/ValidatePathEncoding.php(28): Illuminate/Pipeline/Pipeline->Illuminate/Pipeline/{closure}(Object(Illuminate/Http/Request))
#47 C:/laragon/www/proyeklaravel2/vendor/laravel/framework/src/Illuminate/Pipeline/Pipeline.php(219): Illuminate/Http/Middleware/ValidatePathEncoding->handle(Object(Illuminate/Http/Request), Object(Closure))
#48 C:/laragon/www/proyeklaravel2/vendor/laravel/framework/src/Illuminate/Pipeline/Pipeline.php(137): Illuminate/Pipeline/Pipeline->Illuminate/Pipeline/{closure}(Object(Illuminate/Http/Request))
#49 C:/laragon/www/proyeklaravel2/vendor/laravel/framework/src/Illuminate/Foundation/Http/Kernel.php(175): Illuminate/Pipeline/Pipeline->then(Object(Closure))
#50 C:/laragon/www/proyeklaravel2/vendor/laravel/framework/src/Illuminate/Foundation/Http/Kernel.php(144): Illuminate/Foundation/Http/Kernel->sendRequestThroughRouter(Object(Illuminate/Http/Request))
#51 C:/laragon/www/proyeklaravel2/vendor/laravel/framework/src/Illuminate/Foundation/Application.php(1220): Illuminate/Foundation/Http/Kernel->handle(Object(Illuminate/Http/Request))
#52 C:/laragon/www/proyeklaravel2/public/index.php(20): Illuminate/Foundation/Application->handleRequest(Object(Illuminate/Http/Request))
#53 {main}

[previous exception] [object] (PDOException(code: 42S02): SQLSTATE[42S02]: Base table or view not found: 1146 Table 'db_sekolah_ammar.kurikulum' doesn't exist at C:/laragon/www/proyeklaravel2/vendor/laravel/framework/src/Illuminate/Database/Connection.php:421)
[stacktrace]
#0 C:/laragon/www/proyeklaravel2/vendor/laravel/framework/src/Illuminate/Database/Connection.php(421): PDO->prepare('select * from `...')
#1 C:/laragon/www/proyeklaravel2/vendor/laravel/framework/src/Illuminate/Database/Connection.php(830): Illuminate/Database/Connection->Illuminate/Database/{closure}('select * from `...', Array)
#2 C:/laragon/www/proyeklaravel2/vendor/laravel/framework/src/Illuminate/Database/Connection.php(797): Illuminate/Database/Connection->runQueryCallback('select * from `...', Array, Object(Closure))
#3 C:/laragon/www/proyeklaravel2/vendor/laravel/framework/src/Illuminate/Database/Connection.php(412): Illuminate/Database/Connection->run('select * from `...', Array, Object(Closure))
#4 C:/laragon/www/proyeklaravel2/vendor/laravel/framework/src/Illuminate/Database/Query/Builder.php(3562): Illuminate/Database/Connection->select('select * from `...', Array, true, Array)
#5 C:/laragon/www/proyeklaravel2/vendor/laravel/framework/src/Illuminate/Database/Query/Builder.php(3546): Illuminate/Database/Query/Builder->runSelect()
#6 C:/laragon/www/proyeklaravel2/app/Http/Controllers/KurikulumControllerAmmar.php(12): Illuminate/Database/Query/Builder->get()
#7 C:/laragon/www/proyeklaravel2/vendor/laravel/framework/src/Illuminate/Routing/ControllerDispatcher.php(46): App/Http/Controllers/KurikulumControllerAmmar->index()
#8 C:/laragon/www/proyeklaravel2/vendor/laravel/framework/src/Illuminate/Routing/Route.php(269): Illuminate/Routing/ControllerDispatcher->dispatch(Object(Illuminate/Routing/Route), Object(App/Http/Controllers/KurikulumControllerAmmar), 'index')
#9 C:/laragon/www/proyeklaravel2/vendor/laravel/framework/src/Illuminate/Routing/Route.php(215): Illuminate/Routing/Route->runController()
#10 C:/laragon/www/proyeklaravel2/vendor/laravel/framework/src/Illuminate/Routing/Router.php(822): Illuminate/Routing/Route->run()
#11 C:/laragon/www/proyeklaravel2/vendor/laravel/framework/src/Illuminate/Pipeline/Pipeline.php(180): Illuminate/Routing/Router->Illuminate/Routing/{closure}(Object(Illuminate/Http/Request))
#12 C:/laragon/www/proyeklaravel2/vendor/laravel/framework/src/Illuminate/Routing/Middleware/SubstituteBindings.php(52): Illuminate/Pipeline/Pipeline->Illuminate/Pipeline/{closure}(Object(Illuminate/Http/Request))
#13 C:/laragon/www/proyeklaravel2/vendor/laravel/framework/src/Illuminate/Pipeline/Pipeline.php(219): Illuminate/Routing/Middleware/SubstituteBindings->handle(Object(Illuminate/Http/Request), Object(Closure))
#14 C:/laragon/www/proyeklaravel2/vendor/laravel/framework/src/Illuminate/Foundation/Http/Middleware/PreventRequestForgery.php(104): Illuminate/Pipeline/Pipeline->Illuminate/Pipeline/{closure}(Object(Illuminate/Http/Request))
#15 C:/laragon/www/proyeklaravel2/vendor/laravel/framework/src/Illuminate/Pipeline/Pipeline.php(219): Illuminate/Foundation/Http/Middleware/PreventRequestForgery->handle(Object(Illuminate/Http/Request), Object(Closure))
#16 C:/laragon/www/proyeklaravel2/vendor/laravel/framework/src/Illuminate/View/Middleware/ShareErrorsFromSession.php(48): Illuminate/Pipeline/Pipeline->Illuminate/Pipeline/{closure}(Object(Illuminate/Http/Request))
#17 C:/laragon/www/proyeklaravel2/vendor/laravel/framework/src/Illuminate/Pipeline/Pipeline.php(219): Illuminate/View/Middleware/ShareErrorsFromSession->handle(Object(Illuminate/Http/Request), Object(Closure))
#18 C:/laragon/www/proyeklaravel2/vendor/laravel/framework/src/Illuminate/Session/Middleware/StartSession.php(120): Illuminate/Pipeline/Pipeline->Illuminate/Pipeline/{closure}(Object(Illuminate/Http/Request))
#19 C:/laragon/www/proyeklaravel2/vendor/laravel/framework/src/Illuminate/Session/Middleware/StartSession.php(63): Illuminate/Session/Middleware/StartSession->handleStatefulRequest(Object(Illuminate/Http/Request), Object(Illuminate/Session/Store), Object(Closure))
#20 C:/laragon/www/proyeklaravel2/vendor/laravel/framework/src/Illuminate/Pipeline/Pipeline.php(219): Illuminate/Session/Middleware/StartSession->handle(Object(Illuminate/Http/Request), Object(Closure))
#21 C:/laragon/www/proyeklaravel2/vendor/laravel/framework/src/Illuminate/Cookie/Middleware/AddQueuedCookiesToResponse.php(36): Illuminate/Pipeline/Pipeline->Illuminate/Pipeline/{closure}(Object(Illuminate/Http/Request))
#22 C:/laragon/www/proyeklaravel2/vendor/laravel/framework/src/Illuminate/Pipeline/Pipeline.php(219): Illuminate/Cookie/Middleware/AddQueuedCookiesToResponse->handle(Object(Illuminate/Http/Request), Object(Closure))
#23 C:/laragon/www/proyeklaravel2/vendor/laravel/framework/src/Illuminate/Cookie/Middleware/EncryptCookies.php(74): Illuminate/Pipeline/Pipeline->Illuminate/Pipeline/{closure}(Object(Illuminate/Http/Request))
#24 C:/laragon/www/proyeklaravel2/vendor/laravel/framework/src/Illuminate/Pipeline/Pipeline.php(219): Illuminate/Cookie/Middleware/EncryptCookies->handle(Object(Illuminate/Http/Request), Object(Closure))
#25 C:/laragon/www/proyeklaravel2/vendor/laravel/framework/src/Illuminate/Pipeline/Pipeline.php(137): Illuminate/Pipeline/Pipeline->Illuminate/Pipeline/{closure}(Object(Illuminate/Http/Request))
#26 C:/laragon/www/proyeklaravel2/vendor/laravel/framework/src/Illuminate/Routing/Router.php(821): Illuminate/Pipeline/Pipeline->then(Object(Closure))
#27 C:/laragon/www/proyeklaravel2/vendor/laravel/framework/src/Illuminate/Routing/Router.php(800): Illuminate/Routing/Router->runRouteWithinStack(Object(Illuminate/Routing/Route), Object(Illuminate/Http/Request))
#28 C:/laragon/www/proyeklaravel2/vendor/laravel/framework/src/Illuminate/Routing/Router.php(764): Illuminate/Routing/Router->runRoute(Object(Illuminate/Http/Request), Object(Illuminate/Routing/Route))
#29 C:/laragon/www/proyeklaravel2/vendor/laravel/framework/src/Illuminate/Routing/Router.php(753): Illuminate/Routing/Router->dispatchToRoute(Object(Illuminate/Http/Request))
#30 C:/laragon/www/proyeklaravel2/vendor/laravel/framework/src/Illuminate/Foundation/Http/Kernel.php(200): Illuminate/Routing/Router->dispatch(Object(Illuminate/Http/Request))
#31 C:/laragon/www/proyeklaravel2/vendor/laravel/framework/src/Illuminate/Pipeline/Pipeline.php(180): Illuminate/Foundation/Http/Kernel->Illuminate/Foundation/Http/{closure}(Object(Illuminate/Http/Request))
#32 C:/laragon/www/proyeklaravel2/vendor/laravel/framework/src/Illuminate/Foundation/Http/Middleware/TransformsRequest.php(21): Illuminate/Pipeline/Pipeline->Illuminate/Pipeline/{closure}(Object(Illuminate/Http/Request))
#33 C:/laragon/www/proyeklaravel2/vendor/laravel/framework/src/Illuminate/Foundation/Http/Middleware/ConvertEmptyStringsToNull.php(31): Illuminate/Foundation/Http/Middleware/TransformsRequest->handle(Object(Illuminate/Http/Request), Object(Closure))
#34 C:/laragon/www/proyeklaravel2/vendor/laravel/framework/src/Illuminate/Pipeline/Pipeline.php(219): Illuminate/Foundation/Http/Middleware/ConvertEmptyStringsToNull->handle(Object(Illuminate/Http/Request), Object(Closure))
#35 C:/laragon/www/proyeklaravel2/vendor/laravel/framework/src/Illuminate/Foundation/Http/Middleware/TransformsRequest.php(21): Illuminate/Pipeline/Pipeline->Illuminate/Pipeline/{closure}(Object(Illuminate/Http/Request))
#36 C:/laragon/www/proyeklaravel2/vendor/laravel/framework/src/Illuminate/Foundation/Http/Middleware/TrimStrings.php(51): Illuminate/Foundation/Http/Middleware/TransformsRequest->handle(Object(Illuminate/Http/Request), Object(Closure))
#37 C:/laragon/www/proyeklaravel2/vendor/laravel/framework/src/Illuminate/Pipeline/Pipeline.php(219): Illuminate/Foundation/Http/Middleware/TrimStrings->handle(Object(Illuminate/Http/Request), Object(Closure))
#38 C:/laragon/www/proyeklaravel2/vendor/laravel/framework/src/Illuminate/Http/Middleware/ValidatePostSize.php(27): Illuminate/Pipeline/Pipeline->Illuminate/Pipeline/{closure}(Object(Illuminate/Http/Request))
#39 C:/laragon/www/proyeklaravel2/vendor/laravel/framework/src/Illuminate/Pipeline/Pipeline.php(219): Illuminate/Http/Middleware/ValidatePostSize->handle(Object(Illuminate/Http/Request), Object(Closure))
#40 C:/laragon/www/proyeklaravel2/vendor/laravel/framework/src/Illuminate/Foundation/Http/Middleware/PreventRequestsDuringMaintenance.php(109): Illuminate/Pipeline/Pipeline->Illuminate/Pipeline/{closure}(Object(Illuminate/Http/Request))
#41 C:/laragon/www/proyeklaravel2/vendor/laravel/framework/src/Illuminate/Pipeline/Pipeline.php(219): Illuminate/Foundation/Http/Middleware/PreventRequestsDuringMaintenance->handle(Object(Illuminate/Http/Request), Object(Closure))
#42 C:/laragon/www/proyeklaravel2/vendor/laravel/framework/src/Illuminate/Http/Middleware/HandleCors.php(61): Illuminate/Pipeline/Pipeline->Illuminate/Pipeline/{closure}(Object(Illuminate/Http/Request))
#43 C:/laragon/www/proyeklaravel2/vendor/laravel/framework/src/Illuminate/Pipeline/Pipeline.php(219): Illuminate/Http/Middleware/HandleCors->handle(Object(Illuminate/Http/Request), Object(Closure))
#44 C:/laragon/www/proyeklaravel2/vendor/laravel/framework/src/Illuminate/Http/Middleware/TrustProxies.php(58): Illuminate/Pipeline/Pipeline->Illuminate/Pipeline/{closure}(Object(Illuminate/Http/Request))
#45 C:/laragon/www/proyeklaravel2/vendor/laravel/framework/src/Illuminate/Pipeline/Pipeline.php(219): Illuminate/Http/Middleware/TrustProxies->handle(Object(Illuminate/Http/Request), Object(Closure))
#46 C:/laragon/www/proyeklaravel2/vendor/laravel/framework/src/Illuminate/Foundation/Http/Middleware/InvokeDeferredCallbacks.php(22): Illuminate/Pipeline/Pipeline->Illuminate/Pipeline/{closure}(Object(Illuminate/Http/Request))
#47 C:/laragon/www/proyeklaravel2/vendor/laravel/framework/src/Illuminate/Pipeline/Pipeline.php(219): Illuminate/Foundation/Http/Middleware/InvokeDeferredCallbacks->handle(Object(Illuminate/Http/Request), Object(Closure))
#48 C:/laragon/www/proyeklaravel2/vendor/laravel/framework/src/Illuminate/Http/Middleware/ValidatePathEncoding.php(28): Illuminate/Pipeline/Pipeline->Illuminate/Pipeline/{closure}(Object(Illuminate/Http/Request))
#49 C:/laragon/www/proyeklaravel2/vendor/laravel/framework/src/Illuminate/Pipeline/Pipeline.php(219): Illuminate/Http/Middleware/ValidatePathEncoding->handle(Object(Illuminate/Http/Request), Object(Closure))
#50 C:/laragon/www/proyeklaravel2/vendor/laravel/framework/src/Illuminate/Pipeline/Pipeline.php(137): Illuminate/Pipeline/Pipeline->Illuminate/Pipeline/{closure}(Object(Illuminate/Http/Request))
#51 C:/laragon/www/proyeklaravel2/vendor/laravel/framework/src/Illuminate/Foundation/Http/Kernel.php(175): Illuminate/Pipeline/Pipeline->then(Object(Closure))
#52 C:/laragon/www/proyeklaravel2/vendor/laravel/framework/src/Illuminate/Foundation/Http/Kernel.php(144): Illuminate/Foundation/Http/Kernel->sendRequestThroughRouter(Object(Illuminate/Http/Request))
#53 C:/laragon/www/proyeklaravel2/vendor/laravel/framework/src/Illuminate/Foundation/Application.php(1220): Illuminate/Foundation/Http/Kernel->handle(Object(Illuminate/Http/Request))
#54 C:/laragon/www/proyeklaravel2/public/index.php(20): Illuminate/Foundation/Application->handleRequest(Object(Illuminate/Http/Request))
#55 {main}
"} 
[2026-05-05 05:03:56] local.ERROR: SQLSTATE[42S02]: Base table or view not found: 1146 Table 'db_sekolah_ammar.kurikulum' doesn't exist (Connection: mysql, Host: 127.0.0.1, Port: 3306, Database: db_sekolah_ammar, SQL: select * from `kurikulum`) {"exception":"[object] (Illuminate\\Database\\QueryException(code: 42S02): SQLSTATE[42S02]: Base table or view not found: 1146 Table 'db_sekolah_ammar.kurikulum' doesn't exist (Connection: mysql, Host: 127.0.0.1, Port: 3306, Database: db_sekolah_ammar, SQL: select * from `kurikulum`) at C:/laragon/www/proyeklaravel2/vendor/laravel/framework/src/Illuminate/Database/Connection.php:841)
[stacktrace]
#0 C:/laragon/www/proyeklaravel2/vendor/laravel/framework/src/Illuminate/Database/Connection.php(797): Illuminate/Database/Connection->runQueryCallback('select * from `...', Array, Object(Closure))
#1 C:/laragon/www/proyeklaravel2/vendor/laravel/framework/src/Illuminate/Database/Connection.php(412): Illuminate/Database/Connection->run('select * from `...', Array, Object(Closure))
#2 C:/laragon/www/proyeklaravel2/vendor/laravel/framework/src/Illuminate/Database/Query/Builder.php(3562): Illuminate/Database/Connection->select('select * from `...', Array, true, Array)
#3 C:/laragon/www/proyeklaravel2/vendor/laravel/framework/src/Illuminate/Database/Query/Builder.php(3546): Illuminate/Database/Query/Builder->runSelect()
#4 C:/laragon/www/proyeklaravel2/app/Http/Controllers/KurikulumControllerAmmar.php(12): Illuminate/Database/Query/Builder->get()
#5 C:/laragon/www/proyeklaravel2/vendor/laravel/framework/src/Illuminate/Routing/ControllerDispatcher.php(46): App/Http/Controllers/KurikulumControllerAmmar->index()
#6 C:/laragon/www/proyeklaravel2/vendor/laravel/framework/src/Illuminate/Routing/Route.php(269): Illuminate/Routing/ControllerDispatcher->dispatch(Object(Illuminate/Routing/Route), Object(App/Http/Controllers/KurikulumControllerAmmar), 'index')
#7 C:/laragon/www/proyeklaravel2/vendor/laravel/framework/src/Illuminate/Routing/Route.php(215): Illuminate/Routing/Route->runController()
#8 C:/laragon/www/proyeklaravel2/vendor/laravel/framework/src/Illuminate/Routing/Router.php(822): Illuminate/Routing/Route->run()
#9 C:/laragon/www/proyeklaravel2/vendor/laravel/framework/src/Illuminate/Pipeline/Pipeline.php(180): Illuminate/Routing/Router->Illuminate/Routing/{closure}(Object(Illuminate/Http/Request))
#10 C:/laragon/www/proyeklaravel2/vendor/laravel/framework/src/Illuminate/Routing/Middleware/SubstituteBindings.php(52): Illuminate/Pipeline/Pipeline->Illuminate/Pipeline/{closure}(Object(Illuminate/Http/Request))
#11 C:/laragon/www/proyeklaravel2/vendor/laravel/framework/src/Illuminate/Pipeline/Pipeline.php(219): Illuminate/Routing/Middleware/SubstituteBindings->handle(Object(Illuminate/Http/Request), Object(Closure))
#12 C:/laragon/www/proyeklaravel2/vendor/laravel/framework/src/Illuminate/Foundation/Http/Middleware/PreventRequestForgery.php(104): Illuminate/Pipeline/Pipeline->Illuminate/Pipeline/{closure}(Object(Illuminate/Http/Request))
#13 C:/laragon/www/proyeklaravel2/vendor/laravel/framework/src/Illuminate/Pipeline/Pipeline.php(219): Illuminate/Foundation/Http/Middleware/PreventRequestForgery->handle(Object(Illuminate/Http/Request), Object(Closure))
#14 C:/laragon/www/proyeklaravel2/vendor/laravel/framework/src/Illuminate/View/Middleware/ShareErrorsFromSession.php(48): Illuminate/Pipeline/Pipeline->Illuminate/Pipeline/{closure}(Object(Illuminate/Http/Request))
#15 C:/laragon/www/proyeklaravel2/vendor/laravel/framework/src/Illuminate/Pipeline/Pipeline.php(219): Illuminate/View/Middleware/ShareErrorsFromSession->handle(Object(Illuminate/Http/Request), Object(Closure))
#16 C:/laragon/www/proyeklaravel2/vendor/laravel/framework/src/Illuminate/Session/Middleware/StartSession.php(120): Illuminate/Pipeline/Pipeline->Illuminate/Pipeline/{closure}(Object(Illuminate/Http/Request))
#17 C:/laragon/www/proyeklaravel2/vendor/laravel/framework/src/Illuminate/Session/Middleware/StartSession.php(63): Illuminate/Session/Middleware/StartSession->handleStatefulRequest(Object(Illuminate/Http/Request), Object(Illuminate/Session/Store), Object(Closure))
#18 C:/laragon/www/proyeklaravel2/vendor/laravel/framework/src/Illuminate/Pipeline/Pipeline.php(219): Illuminate/Session/Middleware/StartSession->handle(Object(Illuminate/Http/Request), Object(Closure))
#19 C:/laragon/www/proyeklaravel2/vendor/laravel/framework/src/Illuminate/Cookie/Middleware/AddQueuedCookiesToResponse.php(36): Illuminate/Pipeline/Pipeline->Illuminate/Pipeline/{closure}(Object(Illuminate/Http/Request))
#20 C:/laragon/www/proyeklaravel2/vendor/laravel/framework/src/Illuminate/Pipeline/Pipeline.php(219): Illuminate/Cookie/Middleware/AddQueuedCookiesToResponse->handle(Object(Illuminate/Http/Request), Object(Closure))
#21 C:/laragon/www/proyeklaravel2/vendor/laravel/framework/src/Illuminate/Cookie/Middleware/EncryptCookies.php(74): Illuminate/Pipeline/Pipeline->Illuminate/Pipeline/{closure}(Object(Illuminate/Http/Request))
#22 C:/laragon/www/proyeklaravel2/vendor/laravel/framework/src/Illuminate/Pipeline/Pipeline.php(219): Illuminate/Cookie/Middleware/EncryptCookies->handle(Object(Illuminate/Http/Request), Object(Closure))
#23 C:/laragon/www/proyeklaravel2/vendor/laravel/framework/src/Illuminate/Pipeline/Pipeline.php(137): Illuminate/Pipeline/Pipeline->Illuminate/Pipeline/{closure}(Object(Illuminate/Http/Request))
#24 C:/laragon/www/proyeklaravel2/vendor/laravel/framework/src/Illuminate/Routing/Router.php(821): Illuminate/Pipeline/Pipeline->then(Object(Closure))
#25 C:/laragon/www/proyeklaravel2/vendor/laravel/framework/src/Illuminate/Routing/Router.php(800): Illuminate/Routing/Router->runRouteWithinStack(Object(Illuminate/Routing/Route), Object(Illuminate/Http/Request))
#26 C:/laragon/www/proyeklaravel2/vendor/laravel/framework/src/Illuminate/Routing/Router.php(764): Illuminate/Routing/Router->runRoute(Object(Illuminate/Http/Request), Object(Illuminate/Routing/Route))
#27 C:/laragon/www/proyeklaravel2/vendor/laravel/framework/src/Illuminate/Routing/Router.php(753): Illuminate/Routing/Router->dispatchToRoute(Object(Illuminate/Http/Request))
#28 C:/laragon/www/proyeklaravel2/vendor/laravel/framework/src/Illuminate/Foundation/Http/Kernel.php(200): Illuminate/Routing/Router->dispatch(Object(Illuminate/Http/Request))
#29 C:/laragon/www/proyeklaravel2/vendor/laravel/framework/src/Illuminate/Pipeline/Pipeline.php(180): Illuminate/Foundation/Http/Kernel->Illuminate/Foundation/Http/{closure}(Object(Illuminate/Http/Request))
#30 C:/laragon/www/proyeklaravel2/vendor/laravel/framework/src/Illuminate/Foundation/Http/Middleware/TransformsRequest.php(21): Illuminate/Pipeline/Pipeline->Illuminate/Pipeline/{closure}(Object(Illuminate/Http/Request))
#31 C:/laragon/www/proyeklaravel2/vendor/laravel/framework/src/Illuminate/Foundation/Http/Middleware/ConvertEmptyStringsToNull.php(31): Illuminate/Foundation/Http/Middleware/TransformsRequest->handle(Object(Illuminate/Http/Request), Object(Closure))
#32 C:/laragon/www/proyeklaravel2/vendor/laravel/framework/src/Illuminate/Pipeline/Pipeline.php(219): Illuminate/Foundation/Http/Middleware/ConvertEmptyStringsToNull->handle(Object(Illuminate/Http/Request), Object(Closure))
#33 C:/laragon/www/proyeklaravel2/vendor/laravel/framework/src/Illuminate/Foundation/Http/Middleware/TransformsRequest.php(21): Illuminate/Pipeline/Pipeline->Illuminate/Pipeline/{closure}(Object(Illuminate/Http/Request))
#34 C:/laragon/www/proyeklaravel2/vendor/laravel/framework/src/Illuminate/Foundation/Http/Middleware/TrimStrings.php(51): Illuminate/Foundation/Http/Middleware/TransformsRequest->handle(Object(Illuminate/Http/Request), Object(Closure))
#35 C:/laragon/www/proyeklaravel2/vendor/laravel/framework/src/Illuminate/Pipeline/Pipeline.php(219): Illuminate/Foundation/Http/Middleware/TrimStrings->handle(Object(Illuminate/Http/Request), Object(Closure))
#36 C:/laragon/www/proyeklaravel2/vendor/laravel/framework/src/Illuminate/Http/Middleware/ValidatePostSize.php(27): Illuminate/Pipeline/Pipeline->Illuminate/Pipeline/{closure}(Object(Illuminate/Http/Request))
#37 C:/laragon/www/proyeklaravel2/vendor/laravel/framework/src/Illuminate/Pipeline/Pipeline.php(219): Illuminate/Http/Middleware/ValidatePostSize->handle(Object(Illuminate/Http/Request), Object(Closure))
#38 C:/laragon/www/proyeklaravel2/vendor/laravel/framework/src/Illuminate/Foundation/Http/Middleware/PreventRequestsDuringMaintenance.php(109): Illuminate/Pipeline/Pipeline->Illuminate/Pipeline/{closure}(Object(Illuminate/Http/Request))
#39 C:/laragon/www/proyeklaravel2/vendor/laravel/framework/src/Illuminate/Pipeline/Pipeline.php(219): Illuminate/Foundation/Http/Middleware/PreventRequestsDuringMaintenance->handle(Object(Illuminate/Http/Request), Object(Closure))
#40 C:/laragon/www/proyeklaravel2/vendor/laravel/framework/src/Illuminate/Http/Middleware/HandleCors.php(61): Illuminate/Pipeline/Pipeline->Illuminate/Pipeline/{closure}(Object(Illuminate/Http/Request))
#41 C:/laragon/www/proyeklaravel2/vendor/laravel/framework/src/Illuminate/Pipeline/Pipeline.php(219): Illuminate/Http/Middleware/HandleCors->handle(Object(Illuminate/Http/Request), Object(Closure))
#42 C:/laragon/www/proyeklaravel2/vendor/laravel/framework/src/Illuminate/Http/Middleware/TrustProxies.php(58): Illuminate/Pipeline/Pipeline->Illuminate/Pipeline/{closure}(Object(Illuminate/Http/Request))
#43 C:/laragon/www/proyeklaravel2/vendor/laravel/framework/src/Illuminate/Pipeline/Pipeline.php(219): Illuminate/Http/Middleware/TrustProxies->handle(Object(Illuminate/Http/Request), Object(Closure))
#44 C:/laragon/www/proyeklaravel2/vendor/laravel/framework/src/Illuminate/Foundation/Http/Middleware/InvokeDeferredCallbacks.php(22): Illuminate/Pipeline/Pipeline->Illuminate/Pipeline/{closure}(Object(Illuminate/Http/Request))
#45 C:/laragon/www/proyeklaravel2/vendor/laravel/framework/src/Illuminate/Pipeline/Pipeline.php(219): Illuminate/Foundation/Http/Middleware/InvokeDeferredCallbacks->handle(Object(Illuminate/Http/Request), Object(Closure))
#46 C:/laragon/www/proyeklaravel2/vendor/laravel/framework/src/Illuminate/Http/Middleware/ValidatePathEncoding.php(28): Illuminate/Pipeline/Pipeline->Illuminate/Pipeline/{closure}(Object(Illuminate/Http/Request))
#47 C:/laragon/www/proyeklaravel2/vendor/laravel/framework/src/Illuminate/Pipeline/Pipeline.php(219): Illuminate/Http/Middleware/ValidatePathEncoding->handle(Object(Illuminate/Http/Request), Object(Closure))
#48 C:/laragon/www/proyeklaravel2/vendor/laravel/framework/src/Illuminate/Pipeline/Pipeline.php(137): Illuminate/Pipeline/Pipeline->Illuminate/Pipeline/{closure}(Object(Illuminate/Http/Request))
#49 C:/laragon/www/proyeklaravel2/vendor/laravel/framework/src/Illuminate/Foundation/Http/Kernel.php(175): Illuminate/Pipeline/Pipeline->then(Object(Closure))
#50 C:/laragon/www/proyeklaravel2/vendor/laravel/framework/src/Illuminate/Foundation/Http/Kernel.php(144): Illuminate/Foundation/Http/Kernel->sendRequestThroughRouter(Object(Illuminate/Http/Request))
#51 C:/laragon/www/proyeklaravel2/vendor/laravel/framework/src/Illuminate/Foundation/Application.php(1220): Illuminate/Foundation/Http/Kernel->handle(Object(Illuminate/Http/Request))
#52 C:/laragon/www/proyeklaravel2/public/index.php(20): Illuminate/Foundation/Application->handleRequest(Object(Illuminate/Http/Request))
#53 {main}

[previous exception] [object] (PDOException(code: 42S02): SQLSTATE[42S02]: Base table or view not found: 1146 Table 'db_sekolah_ammar.kurikulum' doesn't exist at C:/laragon/www/proyeklaravel2/vendor/laravel/framework/src/Illuminate/Database/Connection.php:421)
[stacktrace]
#0 C:/laragon/www/proyeklaravel2/vendor/laravel/framework/src/Illuminate/Database/Connection.php(421): PDO->prepare('select * from `...')
#1 C:/laragon/www/proyeklaravel2/vendor/laravel/framework/src/Illuminate/Database/Connection.php(830): Illuminate/Database/Connection->Illuminate/Database/{closure}('select * from `...', Array)
#2 C:/laragon/www/proyeklaravel2/vendor/laravel/framework/src/Illuminate/Database/Connection.php(797): Illuminate/Database/Connection->runQueryCallback('select * from `...', Array, Object(Closure))
#3 C:/laragon/www/proyeklaravel2/vendor/laravel/framework/src/Illuminate/Database/Connection.php(412): Illuminate/Database/Connection->run('select * from `...', Array, Object(Closure))
#4 C:/laragon/www/proyeklaravel2/vendor/laravel/framework/src/Illuminate/Database/Query/Builder.php(3562): Illuminate/Database/Connection->select('select * from `...', Array, true, Array)
#5 C:/laragon/www/proyeklaravel2/vendor/laravel/framework/src/Illuminate/Database/Query/Builder.php(3546): Illuminate/Database/Query/Builder->runSelect()
#6 C:/laragon/www/proyeklaravel2/app/Http/Controllers/KurikulumControllerAmmar.php(12): Illuminate/Database/Query/Builder->get()
#7 C:/laragon/www/proyeklaravel2/vendor/laravel/framework/src/Illuminate/Routing/ControllerDispatcher.php(46): App/Http/Controllers/KurikulumControllerAmmar->index()
#8 C:/laragon/www/proyeklaravel2/vendor/laravel/framework/src/Illuminate/Routing/Route.php(269): Illuminate/Routing/ControllerDispatcher->dispatch(Object(Illuminate/Routing/Route), Object(App/Http/Controllers/KurikulumControllerAmmar), 'index')
#9 C:/laragon/www/proyeklaravel2/vendor/laravel/framework/src/Illuminate/Routing/Route.php(215): Illuminate/Routing/Route->runController()
#10 C:/laragon/www/proyeklaravel2/vendor/laravel/framework/src/Illuminate/Routing/Router.php(822): Illuminate/Routing/Route->run()
#11 C:/laragon/www/proyeklaravel2/vendor/laravel/framework/src/Illuminate/Pipeline/Pipeline.php(180): Illuminate/Routing/Router->Illuminate/Routing/{closure}(Object(Illuminate/Http/Request))
#12 C:/laragon/www/proyeklaravel2/vendor/laravel/framework/src/Illuminate/Routing/Middleware/SubstituteBindings.php(52): Illuminate/Pipeline/Pipeline->Illuminate/Pipeline/{closure}(Object(Illuminate/Http/Request))
#13 C:/laragon/www/proyeklaravel2/vendor/laravel/framework/src/Illuminate/Pipeline/Pipeline.php(219): Illuminate/Routing/Middleware/SubstituteBindings->handle(Object(Illuminate/Http/Request), Object(Closure))
#14 C:/laragon/www/proyeklaravel2/vendor/laravel/framework/src/Illuminate/Foundation/Http/Middleware/PreventRequestForgery.php(104): Illuminate/Pipeline/Pipeline->Illuminate/Pipeline/{closure}(Object(Illuminate/Http/Request))
#15 C:/laragon/www/proyeklaravel2/vendor/laravel/framework/src/Illuminate/Pipeline/Pipeline.php(219): Illuminate/Foundation/Http/Middleware/PreventRequestForgery->handle(Object(Illuminate/Http/Request), Object(Closure))
#16 C:/laragon/www/proyeklaravel2/vendor/laravel/framework/src/Illuminate/View/Middleware/ShareErrorsFromSession.php(48): Illuminate/Pipeline/Pipeline->Illuminate/Pipeline/{closure}(Object(Illuminate/Http/Request))
#17 C:/laragon/www/proyeklaravel2/vendor/laravel/framework/src/Illuminate/Pipeline/Pipeline.php(219): Illuminate/View/Middleware/ShareErrorsFromSession->handle(Object(Illuminate/Http/Request), Object(Closure))
#18 C:/laragon/www/proyeklaravel2/vendor/laravel/framework/src/Illuminate/Session/Middleware/StartSession.php(120): Illuminate/Pipeline/Pipeline->Illuminate/Pipeline/{closure}(Object(Illuminate/Http/Request))
#19 C:/laragon/www/proyeklaravel2/vendor/laravel/framework/src/Illuminate/Session/Middleware/StartSession.php(63): Illuminate/Session/Middleware/StartSession->handleStatefulRequest(Object(Illuminate/Http/Request), Object(Illuminate/Session/Store), Object(Closure))
#20 C:/laragon/www/proyeklaravel2/vendor/laravel/framework/src/Illuminate/Pipeline/Pipeline.php(219): Illuminate/Session/Middleware/StartSession->handle(Object(Illuminate/Http/Request), Object(Closure))
#21 C:/laragon/www/proyeklaravel2/vendor/laravel/framework/src/Illuminate/Cookie/Middleware/AddQueuedCookiesToResponse.php(36): Illuminate/Pipeline/Pipeline->Illuminate/Pipeline/{closure}(Object(Illuminate/Http/Request))
#22 C:/laragon/www/proyeklaravel2/vendor/laravel/framework/src/Illuminate/Pipeline/Pipeline.php(219): Illuminate/Cookie/Middleware/AddQueuedCookiesToResponse->handle(Object(Illuminate/Http/Request), Object(Closure))
#23 C:/laragon/www/proyeklaravel2/vendor/laravel/framework/src/Illuminate/Cookie/Middleware/EncryptCookies.php(74): Illuminate/Pipeline/Pipeline->Illuminate/Pipeline/{closure}(Object(Illuminate/Http/Request))
#24 C:/laragon/www/proyeklaravel2/vendor/laravel/framework/src/Illuminate/Pipeline/Pipeline.php(219): Illuminate/Cookie/Middleware/EncryptCookies->handle(Object(Illuminate/Http/Request), Object(Closure))
#25 C:/laragon/www/proyeklaravel2/vendor/laravel/framework/src/Illuminate/Pipeline/Pipeline.php(137): Illuminate/Pipeline/Pipeline->Illuminate/Pipeline/{closure}(Object(Illuminate/Http/Request))
#26 C:/laragon/www/proyeklaravel2/vendor/laravel/framework/src/Illuminate/Routing/Router.php(821): Illuminate/Pipeline/Pipeline->then(Object(Closure))
#27 C:/laragon/www/proyeklaravel2/vendor/laravel/framework/src/Illuminate/Routing/Router.php(800): Illuminate/Routing/Router->runRouteWithinStack(Object(Illuminate/Routing/Route), Object(Illuminate/Http/Request))
#28 C:/laragon/www/proyeklaravel2/vendor/laravel/framework/src/Illuminate/Routing/Router.php(764): Illuminate/Routing/Router->runRoute(Object(Illuminate/Http/Request), Object(Illuminate/Routing/Route))
#29 C:/laragon/www/proyeklaravel2/vendor/laravel/framework/src/Illuminate/Routing/Router.php(753): Illuminate/Routing/Router->dispatchToRoute(Object(Illuminate/Http/Request))
#30 C:/laragon/www/proyeklaravel2/vendor/laravel/framework/src/Illuminate/Foundation/Http/Kernel.php(200): Illuminate/Routing/Router->dispatch(Object(Illuminate/Http/Request))
#31 C:/laragon/www/proyeklaravel2/vendor/laravel/framework/src/Illuminate/Pipeline/Pipeline.php(180): Illuminate/Foundation/Http/Kernel->Illuminate/Foundation/Http/{closure}(Object(Illuminate/Http/Request))
#32 C:/laragon/www/proyeklaravel2/vendor/laravel/framework/src/Illuminate/Foundation/Http/Middleware/TransformsRequest.php(21): Illuminate/Pipeline/Pipeline->Illuminate/Pipeline/{closure}(Object(Illuminate/Http/Request))
#33 C:/laragon/www/proyeklaravel2/vendor/laravel/framework/src/Illuminate/Foundation/Http/Middleware/ConvertEmptyStringsToNull.php(31): Illuminate/Foundation/Http/Middleware/TransformsRequest->handle(Object(Illuminate/Http/Request), Object(Closure))
#34 C:/laragon/www/proyeklaravel2/vendor/laravel/framework/src/Illuminate/Pipeline/Pipeline.php(219): Illuminate/Foundation/Http/Middleware/ConvertEmptyStringsToNull->handle(Object(Illuminate/Http/Request), Object(Closure))
#35 C:/laragon/www/proyeklaravel2/vendor/laravel/framework/src/Illuminate/Foundation/Http/Middleware/TransformsRequest.php(21): Illuminate/Pipeline/Pipeline->Illuminate/Pipeline/{closure}(Object(Illuminate/Http/Request))
#36 C:/laragon/www/proyeklaravel2/vendor/laravel/framework/src/Illuminate/Foundation/Http/Middleware/TrimStrings.php(51): Illuminate/Foundation/Http/Middleware/TransformsRequest->handle(Object(Illuminate/Http/Request), Object(Closure))
#37 C:/laragon/www/proyeklaravel2/vendor/laravel/framework/src/Illuminate/Pipeline/Pipeline.php(219): Illuminate/Foundation/Http/Middleware/TrimStrings->handle(Object(Illuminate/Http/Request), Object(Closure))
#38 C:/laragon/www/proyeklaravel2/vendor/laravel/framework/src/Illuminate/Http/Middleware/ValidatePostSize.php(27): Illuminate/Pipeline/Pipeline->Illuminate/Pipeline/{closure}(Object(Illuminate/Http/Request))
#39 C:/laragon/www/proyeklaravel2/vendor/laravel/framework/src/Illuminate/Pipeline/Pipeline.php(219): Illuminate/Http/Middleware/ValidatePostSize->handle(Object(Illuminate/Http/Request), Object(Closure))
#40 C:/laragon/www/proyeklaravel2/vendor/laravel/framework/src/Illuminate/Foundation/Http/Middleware/PreventRequestsDuringMaintenance.php(109): Illuminate/Pipeline/Pipeline->Illuminate/Pipeline/{closure}(Object(Illuminate/Http/Request))
#41 C:/laragon/www/proyeklaravel2/vendor/laravel/framework/src/Illuminate/Pipeline/Pipeline.php(219): Illuminate/Foundation/Http/Middleware/PreventRequestsDuringMaintenance->handle(Object(Illuminate/Http/Request), Object(Closure))
#42 C:/laragon/www/proyeklaravel2/vendor/laravel/framework/src/Illuminate/Http/Middleware/HandleCors.php(61): Illuminate/Pipeline/Pipeline->Illuminate/Pipeline/{closure}(Object(Illuminate/Http/Request))
#43 C:/laragon/www/proyeklaravel2/vendor/laravel/framework/src/Illuminate/Pipeline/Pipeline.php(219): Illuminate/Http/Middleware/HandleCors->handle(Object(Illuminate/Http/Request), Object(Closure))
#44 C:/laragon/www/proyeklaravel2/vendor/laravel/framework/src/Illuminate/Http/Middleware/TrustProxies.php(58): Illuminate/Pipeline/Pipeline->Illuminate/Pipeline/{closure}(Object(Illuminate/Http/Request))
#45 C:/laragon/www/proyeklaravel2/vendor/laravel/framework/src/Illuminate/Pipeline/Pipeline.php(219): Illuminate/Http/Middleware/TrustProxies->handle(Object(Illuminate/Http/Request), Object(Closure))
#46 C:/laragon/www/proyeklaravel2/vendor/laravel/framework/src/Illuminate/Foundation/Http/Middleware/InvokeDeferredCallbacks.php(22): Illuminate/Pipeline/Pipeline->Illuminate/Pipeline/{closure}(Object(Illuminate/Http/Request))
#47 C:/laragon/www/proyeklaravel2/vendor/laravel/framework/src/Illuminate/Pipeline/Pipeline.php(219): Illuminate/Foundation/Http/Middleware/InvokeDeferredCallbacks->handle(Object(Illuminate/Http/Request), Object(Closure))
#48 C:/laragon/www/proyeklaravel2/vendor/laravel/framework/src/Illuminate/Http/Middleware/ValidatePathEncoding.php(28): Illuminate/Pipeline/Pipeline->Illuminate/Pipeline/{closure}(Object(Illuminate/Http/Request))
#49 C:/laragon/www/proyeklaravel2/vendor/laravel/framework/src/Illuminate/Pipeline/Pipeline.php(219): Illuminate/Http/Middleware/ValidatePathEncoding->handle(Object(Illuminate/Http/Request), Object(Closure))
#50 C:/laragon/www/proyeklaravel2/vendor/laravel/framework/src/Illuminate/Pipeline/Pipeline.php(137): Illuminate/Pipeline/Pipeline->Illuminate/Pipeline/{closure}(Object(Illuminate/Http/Request))
#51 C:/laragon/www/proyeklaravel2/vendor/laravel/framework/src/Illuminate/Foundation/Http/Kernel.php(175): Illuminate/Pipeline/Pipeline->then(Object(Closure))
#52 C:/laragon/www/proyeklaravel2/vendor/laravel/framework/src/Illuminate/Foundation/Http/Kernel.php(144): Illuminate/Foundation/Http/Kernel->sendRequestThroughRouter(Object(Illuminate/Http/Request))
#53 C:/laragon/www/proyeklaravel2/vendor/laravel/framework/src/Illuminate/Foundation/Application.php(1220): Illuminate/Foundation/Http/Kernel->handle(Object(Illuminate/Http/Request))
#54 C:/laragon/www/proyeklaravel2/public/index.php(20): Illuminate/Foundation/Application->handleRequest(Object(Illuminate/Http/Request))
#55 {main}
"} 
[2026-05-05 05:03:58] local.ERROR: SQLSTATE[42S02]: Base table or view not found: 1146 Table 'db_sekolah_ammar.kurikulum' doesn't exist (Connection: mysql, Host: 127.0.0.1, Port: 3306, Database: db_sekolah_ammar, SQL: select * from `kurikulum`) {"exception":"[object] (Illuminate\\Database\\QueryException(code: 42S02): SQLSTATE[42S02]: Base table or view not found: 1146 Table 'db_sekolah_ammar.kurikulum' doesn't exist (Connection: mysql, Host: 127.0.0.1, Port: 3306, Database: db_sekolah_ammar, SQL: select * from `kurikulum`) at C:/laragon/www/proyeklaravel2/vendor/laravel/framework/src/Illuminate/Database/Connection.php:841)
[stacktrace]
#0 C:/laragon/www/proyeklaravel2/vendor/laravel/framework/src/Illuminate/Database/Connection.php(797): Illuminate/Database/Connection->runQueryCallback('select * from `...', Array, Object(Closure))
#1 C:/laragon/www/proyeklaravel2/vendor/laravel/framework/src/Illuminate/Database/Connection.php(412): Illuminate/Database/Connection->run('select * from `...', Array, Object(Closure))
#2 C:/laragon/www/proyeklaravel2/vendor/laravel/framework/src/Illuminate/Database/Query/Builder.php(3562): Illuminate/Database/Connection->select('select * from `...', Array, true, Array)
#3 C:/laragon/www/proyeklaravel2/vendor/laravel/framework/src/Illuminate/Database/Query/Builder.php(3546): Illuminate/Database/Query/Builder->runSelect()
#4 C:/laragon/www/proyeklaravel2/app/Http/Controllers/KurikulumControllerAmmar.php(12): Illuminate/Database/Query/Builder->get()
#5 C:/laragon/www/proyeklaravel2/vendor/laravel/framework/src/Illuminate/Routing/ControllerDispatcher.php(46): App/Http/Controllers/KurikulumControllerAmmar->index()
#6 C:/laragon/www/proyeklaravel2/vendor/laravel/framework/src/Illuminate/Routing/Route.php(269): Illuminate/Routing/ControllerDispatcher->dispatch(Object(Illuminate/Routing/Route), Object(App/Http/Controllers/KurikulumControllerAmmar), 'index')
#7 C:/laragon/www/proyeklaravel2/vendor/laravel/framework/src/Illuminate/Routing/Route.php(215): Illuminate/Routing/Route->runController()
#8 C:/laragon/www/proyeklaravel2/vendor/laravel/framework/src/Illuminate/Routing/Router.php(822): Illuminate/Routing/Route->run()
#9 C:/laragon/www/proyeklaravel2/vendor/laravel/framework/src/Illuminate/Pipeline/Pipeline.php(180): Illuminate/Routing/Router->Illuminate/Routing/{closure}(Object(Illuminate/Http/Request))
#10 C:/laragon/www/proyeklaravel2/vendor/laravel/framework/src/Illuminate/Routing/Middleware/SubstituteBindings.php(52): Illuminate/Pipeline/Pipeline->Illuminate/Pipeline/{closure}(Object(Illuminate/Http/Request))
#11 C:/laragon/www/proyeklaravel2/vendor/laravel/framework/src/Illuminate/Pipeline/Pipeline.php(219): Illuminate/Routing/Middleware/SubstituteBindings->handle(Object(Illuminate/Http/Request), Object(Closure))
#12 C:/laragon/www/proyeklaravel2/vendor/laravel/framework/src/Illuminate/Foundation/Http/Middleware/PreventRequestForgery.php(104): Illuminate/Pipeline/Pipeline->Illuminate/Pipeline/{closure}(Object(Illuminate/Http/Request))
#13 C:/laragon/www/proyeklaravel2/vendor/laravel/framework/src/Illuminate/Pipeline/Pipeline.php(219): Illuminate/Foundation/Http/Middleware/PreventRequestForgery->handle(Object(Illuminate/Http/Request), Object(Closure))
#14 C:/laragon/www/proyeklaravel2/vendor/laravel/framework/src/Illuminate/View/Middleware/ShareErrorsFromSession.php(48): Illuminate/Pipeline/Pipeline->Illuminate/Pipeline/{closure}(Object(Illuminate/Http/Request))
#15 C:/laragon/www/proyeklaravel2/vendor/laravel/framework/src/Illuminate/Pipeline/Pipeline.php(219): Illuminate/View/Middleware/ShareErrorsFromSession->handle(Object(Illuminate/Http/Request), Object(Closure))
#16 C:/laragon/www/proyeklaravel2/vendor/laravel/framework/src/Illuminate/Session/Middleware/StartSession.php(120): Illuminate/Pipeline/Pipeline->Illuminate/Pipeline/{closure}(Object(Illuminate/Http/Request))
#17 C:/laragon/www/proyeklaravel2/vendor/laravel/framework/src/Illuminate/Session/Middleware/StartSession.php(63): Illuminate/Session/Middleware/StartSession->handleStatefulRequest(Object(Illuminate/Http/Request), Object(Illuminate/Session/Store), Object(Closure))
#18 C:/laragon/www/proyeklaravel2/vendor/laravel/framework/src/Illuminate/Pipeline/Pipeline.php(219): Illuminate/Session/Middleware/StartSession->handle(Object(Illuminate/Http/Request), Object(Closure))
#19 C:/laragon/www/proyeklaravel2/vendor/laravel/framework/src/Illuminate/Cookie/Middleware/AddQueuedCookiesToResponse.php(36): Illuminate/Pipeline/Pipeline->Illuminate/Pipeline/{closure}(Object(Illuminate/Http/Request))
#20 C:/laragon/www/proyeklaravel2/vendor/laravel/framework/src/Illuminate/Pipeline/Pipeline.php(219): Illuminate/Cookie/Middleware/AddQueuedCookiesToResponse->handle(Object(Illuminate/Http/Request), Object(Closure))
#21 C:/laragon/www/proyeklaravel2/vendor/laravel/framework/src/Illuminate/Cookie/Middleware/EncryptCookies.php(74): Illuminate/Pipeline/Pipeline->Illuminate/Pipeline/{closure}(Object(Illuminate/Http/Request))
#22 C:/laragon/www/proyeklaravel2/vendor/laravel/framework/src/Illuminate/Pipeline/Pipeline.php(219): Illuminate/Cookie/Middleware/EncryptCookies->handle(Object(Illuminate/Http/Request), Object(Closure))
#23 C:/laragon/www/proyeklaravel2/vendor/laravel/framework/src/Illuminate/Pipeline/Pipeline.php(137): Illuminate/Pipeline/Pipeline->Illuminate/Pipeline/{closure}(Object(Illuminate/Http/Request))
#24 C:/laragon/www/proyeklaravel2/vendor/laravel/framework/src/Illuminate/Routing/Router.php(821): Illuminate/Pipeline/Pipeline->then(Object(Closure))
#25 C:/laragon/www/proyeklaravel2/vendor/laravel/framework/src/Illuminate/Routing/Router.php(800): Illuminate/Routing/Router->runRouteWithinStack(Object(Illuminate/Routing/Route), Object(Illuminate/Http/Request))
#26 C:/laragon/www/proyeklaravel2/vendor/laravel/framework/src/Illuminate/Routing/Router.php(764): Illuminate/Routing/Router->runRoute(Object(Illuminate/Http/Request), Object(Illuminate/Routing/Route))
#27 C:/laragon/www/proyeklaravel2/vendor/laravel/framework/src/Illuminate/Routing/Router.php(753): Illuminate/Routing/Router->dispatchToRoute(Object(Illuminate/Http/Request))
#28 C:/laragon/www/proyeklaravel2/vendor/laravel/framework/src/Illuminate/Foundation/Http/Kernel.php(200): Illuminate/Routing/Router->dispatch(Object(Illuminate/Http/Request))
#29 C:/laragon/www/proyeklaravel2/vendor/laravel/framework/src/Illuminate/Pipeline/Pipeline.php(180): Illuminate/Foundation/Http/Kernel->Illuminate/Foundation/Http/{closure}(Object(Illuminate/Http/Request))
#30 C:/laragon/www/proyeklaravel2/vendor/laravel/framework/src/Illuminate/Foundation/Http/Middleware/TransformsRequest.php(21): Illuminate/Pipeline/Pipeline->Illuminate/Pipeline/{closure}(Object(Illuminate/Http/Request))
#31 C:/laragon/www/proyeklaravel2/vendor/laravel/framework/src/Illuminate/Foundation/Http/Middleware/ConvertEmptyStringsToNull.php(31): Illuminate/Foundation/Http/Middleware/TransformsRequest->handle(Object(Illuminate/Http/Request), Object(Closure))
#32 C:/laragon/www/proyeklaravel2/vendor/laravel/framework/src/Illuminate/Pipeline/Pipeline.php(219): Illuminate/Foundation/Http/Middleware/ConvertEmptyStringsToNull->handle(Object(Illuminate/Http/Request), Object(Closure))
#33 C:/laragon/www/proyeklaravel2/vendor/laravel/framework/src/Illuminate/Foundation/Http/Middleware/TransformsRequest.php(21): Illuminate/Pipeline/Pipeline->Illuminate/Pipeline/{closure}(Object(Illuminate/Http/Request))
#34 C:/laragon/www/proyeklaravel2/vendor/laravel/framework/src/Illuminate/Foundation/Http/Middleware/TrimStrings.php(51): Illuminate/Foundation/Http/Middleware/TransformsRequest->handle(Object(Illuminate/Http/Request), Object(Closure))
#35 C:/laragon/www/proyeklaravel2/vendor/laravel/framework/src/Illuminate/Pipeline/Pipeline.php(219): Illuminate/Foundation/Http/Middleware/TrimStrings->handle(Object(Illuminate/Http/Request), Object(Closure))
#36 C:/laragon/www/proyeklaravel2/vendor/laravel/framework/src/Illuminate/Http/Middleware/ValidatePostSize.php(27): Illuminate/Pipeline/Pipeline->Illuminate/Pipeline/{closure}(Object(Illuminate/Http/Request))
#37 C:/laragon/www/proyeklaravel2/vendor/laravel/framework/src/Illuminate/Pipeline/Pipeline.php(219): Illuminate/Http/Middleware/ValidatePostSize->handle(Object(Illuminate/Http/Request), Object(Closure))
#38 C:/laragon/www/proyeklaravel2/vendor/laravel/framework/src/Illuminate/Foundation/Http/Middleware/PreventRequestsDuringMaintenance.php(109): Illuminate/Pipeline/Pipeline->Illuminate/Pipeline/{closure}(Object(Illuminate/Http/Request))
#39 C:/laragon/www/proyeklaravel2/vendor/laravel/framework/src/Illuminate/Pipeline/Pipeline.php(219): Illuminate/Foundation/Http/Middleware/PreventRequestsDuringMaintenance->handle(Object(Illuminate/Http/Request), Object(Closure))
#40 C:/laragon/www/proyeklaravel2/vendor/laravel/framework/src/Illuminate/Http/Middleware/HandleCors.php(61): Illuminate/Pipeline/Pipeline->Illuminate/Pipeline/{closure}(Object(Illuminate/Http/Request))
#41 C:/laragon/www/proyeklaravel2/vendor/laravel/framework/src/Illuminate/Pipeline/Pipeline.php(219): Illuminate/Http/Middleware/HandleCors->handle(Object(Illuminate/Http/Request), Object(Closure))
#42 C:/laragon/www/proyeklaravel2/vendor/laravel/framework/src/Illuminate/Http/Middleware/TrustProxies.php(58): Illuminate/Pipeline/Pipeline->Illuminate/Pipeline/{closure}(Object(Illuminate/Http/Request))
#43 C:/laragon/www/proyeklaravel2/vendor/laravel/framework/src/Illuminate/Pipeline/Pipeline.php(219): Illuminate/Http/Middleware/TrustProxies->handle(Object(Illuminate/Http/Request), Object(Closure))
#44 C:/laragon/www/proyeklaravel2/vendor/laravel/framework/src/Illuminate/Foundation/Http/Middleware/InvokeDeferredCallbacks.php(22): Illuminate/Pipeline/Pipeline->Illuminate/Pipeline/{closure}(Object(Illuminate/Http/Request))
#45 C:/laragon/www/proyeklaravel2/vendor/laravel/framework/src/Illuminate/Pipeline/Pipeline.php(219): Illuminate/Foundation/Http/Middleware/InvokeDeferredCallbacks->handle(Object(Illuminate/Http/Request), Object(Closure))
#46 C:/laragon/www/proyeklaravel2/vendor/laravel/framework/src/Illuminate/Http/Middleware/ValidatePathEncoding.php(28): Illuminate/Pipeline/Pipeline->Illuminate/Pipeline/{closure}(Object(Illuminate/Http/Request))
#47 C:/laragon/www/proyeklaravel2/vendor/laravel/framework/src/Illuminate/Pipeline/Pipeline.php(219): Illuminate/Http/Middleware/ValidatePathEncoding->handle(Object(Illuminate/Http/Request), Object(Closure))
#48 C:/laragon/www/proyeklaravel2/vendor/laravel/framework/src/Illuminate/Pipeline/Pipeline.php(137): Illuminate/Pipeline/Pipeline->Illuminate/Pipeline/{closure}(Object(Illuminate/Http/Request))
#49 C:/laragon/www/proyeklaravel2/vendor/laravel/framework/src/Illuminate/Foundation/Http/Kernel.php(175): Illuminate/Pipeline/Pipeline->then(Object(Closure))
#50 C:/laragon/www/proyeklaravel2/vendor/laravel/framework/src/Illuminate/Foundation/Http/Kernel.php(144): Illuminate/Foundation/Http/Kernel->sendRequestThroughRouter(Object(Illuminate/Http/Request))
#51 C:/laragon/www/proyeklaravel2/vendor/laravel/framework/src/Illuminate/Foundation/Application.php(1220): Illuminate/Foundation/Http/Kernel->handle(Object(Illuminate/Http/Request))
#52 C:/laragon/www/proyeklaravel2/public/index.php(20): Illuminate/Foundation/Application->handleRequest(Object(Illuminate/Http/Request))
#53 {main}

[previous exception] [object] (PDOException(code: 42S02): SQLSTATE[42S02]: Base table or view not found: 1146 Table 'db_sekolah_ammar.kurikulum' doesn't exist at C:/laragon/www/proyeklaravel2/vendor/laravel/framework/src/Illuminate/Database/Connection.php:421)
[stacktrace]
#0 C:/laragon/www/proyeklaravel2/vendor/laravel/framework/src/Illuminate/Database/Connection.php(421): PDO->prepare('select * from `...')
#1 C:/laragon/www/proyeklaravel2/vendor/laravel/framework/src/Illuminate/Database/Connection.php(830): Illuminate/Database/Connection->Illuminate/Database/{closure}('select * from `...', Array)
#2 C:/laragon/www/proyeklaravel2/vendor/laravel/framework/src/Illuminate/Database/Connection.php(797): Illuminate/Database/Connection->runQueryCallback('select * from `...', Array, Object(Closure))
#3 C:/laragon/www/proyeklaravel2/vendor/laravel/framework/src/Illuminate/Database/Connection.php(412): Illuminate/Database/Connection->run('select * from `...', Array, Object(Closure))
#4 C:/laragon/www/proyeklaravel2/vendor/laravel/framework/src/Illuminate/Database/Query/Builder.php(3562): Illuminate/Database/Connection->select('select * from `...', Array, true, Array)
#5 C:/laragon/www/proyeklaravel2/vendor/laravel/framework/src/Illuminate/Database/Query/Builder.php(3546): Illuminate/Database/Query/Builder->runSelect()
#6 C:/laragon/www/proyeklaravel2/app/Http/Controllers/KurikulumControllerAmmar.php(12): Illuminate/Database/Query/Builder->get()
#7 C:/laragon/www/proyeklaravel2/vendor/laravel/framework/src/Illuminate/Routing/ControllerDispatcher.php(46): App/Http/Controllers/KurikulumControllerAmmar->index()
#8 C:/laragon/www/proyeklaravel2/vendor/laravel/framework/src/Illuminate/Routing/Route.php(269): Illuminate/Routing/ControllerDispatcher->dispatch(Object(Illuminate/Routing/Route), Object(App/Http/Controllers/KurikulumControllerAmmar), 'index')
#9 C:/laragon/www/proyeklaravel2/vendor/laravel/framework/src/Illuminate/Routing/Route.php(215): Illuminate/Routing/Route->runController()
#10 C:/laragon/www/proyeklaravel2/vendor/laravel/framework/src/Illuminate/Routing/Router.php(822): Illuminate/Routing/Route->run()
#11 C:/laragon/www/proyeklaravel2/vendor/laravel/framework/src/Illuminate/Pipeline/Pipeline.php(180): Illuminate/Routing/Router->Illuminate/Routing/{closure}(Object(Illuminate/Http/Request))
#12 C:/laragon/www/proyeklaravel2/vendor/laravel/framework/src/Illuminate/Routing/Middleware/SubstituteBindings.php(52): Illuminate/Pipeline/Pipeline->Illuminate/Pipeline/{closure}(Object(Illuminate/Http/Request))
#13 C:/laragon/www/proyeklaravel2/vendor/laravel/framework/src/Illuminate/Pipeline/Pipeline.php(219): Illuminate/Routing/Middleware/SubstituteBindings->handle(Object(Illuminate/Http/Request), Object(Closure))
#14 C:/laragon/www/proyeklaravel2/vendor/laravel/framework/src/Illuminate/Foundation/Http/Middleware/PreventRequestForgery.php(104): Illuminate/Pipeline/Pipeline->Illuminate/Pipeline/{closure}(Object(Illuminate/Http/Request))
#15 C:/laragon/www/proyeklaravel2/vendor/laravel/framework/src/Illuminate/Pipeline/Pipeline.php(219): Illuminate/Foundation/Http/Middleware/PreventRequestForgery->handle(Object(Illuminate/Http/Request), Object(Closure))
#16 C:/laragon/www/proyeklaravel2/vendor/laravel/framework/src/Illuminate/View/Middleware/ShareErrorsFromSession.php(48): Illuminate/Pipeline/Pipeline->Illuminate/Pipeline/{closure}(Object(Illuminate/Http/Request))
#17 C:/laragon/www/proyeklaravel2/vendor/laravel/framework/src/Illuminate/Pipeline/Pipeline.php(219): Illuminate/View/Middleware/ShareErrorsFromSession->handle(Object(Illuminate/Http/Request), Object(Closure))
#18 C:/laragon/www/proyeklaravel2/vendor/laravel/framework/src/Illuminate/Session/Middleware/StartSession.php(120): Illuminate/Pipeline/Pipeline->Illuminate/Pipeline/{closure}(Object(Illuminate/Http/Request))
#19 C:/laragon/www/proyeklaravel2/vendor/laravel/framework/src/Illuminate/Session/Middleware/StartSession.php(63): Illuminate/Session/Middleware/StartSession->handleStatefulRequest(Object(Illuminate/Http/Request), Object(Illuminate/Session/Store), Object(Closure))
#20 C:/laragon/www/proyeklaravel2/vendor/laravel/framework/src/Illuminate/Pipeline/Pipeline.php(219): Illuminate/Session/Middleware/StartSession->handle(Object(Illuminate/Http/Request), Object(Closure))
#21 C:/laragon/www/proyeklaravel2/vendor/laravel/framework/src/Illuminate/Cookie/Middleware/AddQueuedCookiesToResponse.php(36): Illuminate/Pipeline/Pipeline->Illuminate/Pipeline/{closure}(Object(Illuminate/Http/Request))
#22 C:/laragon/www/proyeklaravel2/vendor/laravel/framework/src/Illuminate/Pipeline/Pipeline.php(219): Illuminate/Cookie/Middleware/AddQueuedCookiesToResponse->handle(Object(Illuminate/Http/Request), Object(Closure))
#23 C:/laragon/www/proyeklaravel2/vendor/laravel/framework/src/Illuminate/Cookie/Middleware/EncryptCookies.php(74): Illuminate/Pipeline/Pipeline->Illuminate/Pipeline/{closure}(Object(Illuminate/Http/Request))
#24 C:/laragon/www/proyeklaravel2/vendor/laravel/framework/src/Illuminate/Pipeline/Pipeline.php(219): Illuminate/Cookie/Middleware/EncryptCookies->handle(Object(Illuminate/Http/Request), Object(Closure))
#25 C:/laragon/www/proyeklaravel2/vendor/laravel/framework/src/Illuminate/Pipeline/Pipeline.php(137): Illuminate/Pipeline/Pipeline->Illuminate/Pipeline/{closure}(Object(Illuminate/Http/Request))
#26 C:/laragon/www/proyeklaravel2/vendor/laravel/framework/src/Illuminate/Routing/Router.php(821): Illuminate/Pipeline/Pipeline->then(Object(Closure))
#27 C:/laragon/www/proyeklaravel2/vendor/laravel/framework/src/Illuminate/Routing/Router.php(800): Illuminate/Routing/Router->runRouteWithinStack(Object(Illuminate/Routing/Route), Object(Illuminate/Http/Request))
#28 C:/laragon/www/proyeklaravel2/vendor/laravel/framework/src/Illuminate/Routing/Router.php(764): Illuminate/Routing/Router->runRoute(Object(Illuminate/Http/Request), Object(Illuminate/Routing/Route))
#29 C:/laragon/www/proyeklaravel2/vendor/laravel/framework/src/Illuminate/Routing/Router.php(753): Illuminate/Routing/Router->dispatchToRoute(Object(Illuminate/Http/Request))
#30 C:/laragon/www/proyeklaravel2/vendor/laravel/framework/src/Illuminate/Foundation/Http/Kernel.php(200): Illuminate/Routing/Router->dispatch(Object(Illuminate/Http/Request))
#31 C:/laragon/www/proyeklaravel2/vendor/laravel/framework/src/Illuminate/Pipeline/Pipeline.php(180): Illuminate/Foundation/Http/Kernel->Illuminate/Foundation/Http/{closure}(Object(Illuminate/Http/Request))
#32 C:/laragon/www/proyeklaravel2/vendor/laravel/framework/src/Illuminate/Foundation/Http/Middleware/TransformsRequest.php(21): Illuminate/Pipeline/Pipeline->Illuminate/Pipeline/{closure}(Object(Illuminate/Http/Request))
#33 C:/laragon/www/proyeklaravel2/vendor/laravel/framework/src/Illuminate/Foundation/Http/Middleware/ConvertEmptyStringsToNull.php(31): Illuminate/Foundation/Http/Middleware/TransformsRequest->handle(Object(Illuminate/Http/Request), Object(Closure))
#34 C:/laragon/www/proyeklaravel2/vendor/laravel/framework/src/Illuminate/Pipeline/Pipeline.php(219): Illuminate/Foundation/Http/Middleware/ConvertEmptyStringsToNull->handle(Object(Illuminate/Http/Request), Object(Closure))
#35 C:/laragon/www/proyeklaravel2/vendor/laravel/framework/src/Illuminate/Foundation/Http/Middleware/TransformsRequest.php(21): Illuminate/Pipeline/Pipeline->Illuminate/Pipeline/{closure}(Object(Illuminate/Http/Request))
#36 C:/laragon/www/proyeklaravel2/vendor/laravel/framework/src/Illuminate/Foundation/Http/Middleware/TrimStrings.php(51): Illuminate/Foundation/Http/Middleware/TransformsRequest->handle(Object(Illuminate/Http/Request), Object(Closure))
#37 C:/laragon/www/proyeklaravel2/vendor/laravel/framework/src/Illuminate/Pipeline/Pipeline.php(219): Illuminate/Foundation/Http/Middleware/TrimStrings->handle(Object(Illuminate/Http/Request), Object(Closure))
#38 C:/laragon/www/proyeklaravel2/vendor/laravel/framework/src/Illuminate/Http/Middleware/ValidatePostSize.php(27): Illuminate/Pipeline/Pipeline->Illuminate/Pipeline/{closure}(Object(Illuminate/Http/Request))
#39 C:/laragon/www/proyeklaravel2/vendor/laravel/framework/src/Illuminate/Pipeline/Pipeline.php(219): Illuminate/Http/Middleware/ValidatePostSize->handle(Object(Illuminate/Http/Request), Object(Closure))
#40 C:/laragon/www/proyeklaravel2/vendor/laravel/framework/src/Illuminate/Foundation/Http/Middleware/PreventRequestsDuringMaintenance.php(109): Illuminate/Pipeline/Pipeline->Illuminate/Pipeline/{closure}(Object(Illuminate/Http/Request))
#41 C:/laragon/www/proyeklaravel2/vendor/laravel/framework/src/Illuminate/Pipeline/Pipeline.php(219): Illuminate/Foundation/Http/Middleware/PreventRequestsDuringMaintenance->handle(Object(Illuminate/Http/Request), Object(Closure))
#42 C:/laragon/www/proyeklaravel2/vendor/laravel/framework/src/Illuminate/Http/Middleware/HandleCors.php(61): Illuminate/Pipeline/Pipeline->Illuminate/Pipeline/{closure}(Object(Illuminate/Http/Request))
#43 C:/laragon/www/proyeklaravel2/vendor/laravel/framework/src/Illuminate/Pipeline/Pipeline.php(219): Illuminate/Http/Middleware/HandleCors->handle(Object(Illuminate/Http/Request), Object(Closure))
#44 C:/laragon/www/proyeklaravel2/vendor/laravel/framework/src/Illuminate/Http/Middleware/TrustProxies.php(58): Illuminate/Pipeline/Pipeline->Illuminate/Pipeline/{closure}(Object(Illuminate/Http/Request))
#45 C:/laragon/www/proyeklaravel2/vendor/laravel/framework/src/Illuminate/Pipeline/Pipeline.php(219): Illuminate/Http/Middleware/TrustProxies->handle(Object(Illuminate/Http/Request), Object(Closure))
#46 C:/laragon/www/proyeklaravel2/vendor/laravel/framework/src/Illuminate/Foundation/Http/Middleware/InvokeDeferredCallbacks.php(22): Illuminate/Pipeline/Pipeline->Illuminate/Pipeline/{closure}(Object(Illuminate/Http/Request))
#47 C:/laragon/www/proyeklaravel2/vendor/laravel/framework/src/Illuminate/Pipeline/Pipeline.php(219): Illuminate/Foundation/Http/Middleware/InvokeDeferredCallbacks->handle(Object(Illuminate/Http/Request), Object(Closure))
#48 C:/laragon/www/proyeklaravel2/vendor/laravel/framework/src/Illuminate/Http/Middleware/ValidatePathEncoding.php(28): Illuminate/Pipeline/Pipeline->Illuminate/Pipeline/{closure}(Object(Illuminate/Http/Request))
#49 C:/laragon/www/proyeklaravel2/vendor/laravel/framework/src/Illuminate/Pipeline/Pipeline.php(219): Illuminate/Http/Middleware/ValidatePathEncoding->handle(Object(Illuminate/Http/Request), Object(Closure))
#50 C:/laragon/www/proyeklaravel2/vendor/laravel/framework/src/Illuminate/Pipeline/Pipeline.php(137): Illuminate/Pipeline/Pipeline->Illuminate/Pipeline/{closure}(Object(Illuminate/Http/Request))
#51 C:/laragon/www/proyeklaravel2/vendor/laravel/framework/src/Illuminate/Foundation/Http/Kernel.php(175): Illuminate/Pipeline/Pipeline->then(Object(Closure))
#52 C:/laragon/www/proyeklaravel2/vendor/laravel/framework/src/Illuminate/Foundation/Http/Kernel.php(144): Illuminate/Foundation/Http/Kernel->sendRequestThroughRouter(Object(Illuminate/Http/Request))
#53 C:/laragon/www/proyeklaravel2/vendor/laravel/framework/src/Illuminate/Foundation/Application.php(1220): Illuminate/Foundation/Http/Kernel->handle(Object(Illuminate/Http/Request))
#54 C:/laragon/www/proyeklaravel2/public/index.php(20): Illuminate/Foundation/Application->handleRequest(Object(Illuminate/Http/Request))
#55 {main}
"} 
[2026-05-05 05:10:39] local.ERROR: SQLSTATE[42S02]: Base table or view not found: 1146 Table 'db_sekolah_ammar.kurikulum' doesn't exist (Connection: mysql, Host: 127.0.0.1, Port: 3306, Database: db_sekolah_ammar, SQL: select * from `kurikulum`) {"exception":"[object] (Illuminate\\Database\\QueryException(code: 42S02): SQLSTATE[42S02]: Base table or view not found: 1146 Table 'db_sekolah_ammar.kurikulum' doesn't exist (Connection: mysql, Host: 127.0.0.1, Port: 3306, Database: db_sekolah_ammar, SQL: select * from `kurikulum`) at C:/laragon/www/proyeklaravel2/vendor/laravel/framework/src/Illuminate/Database/Connection.php:841)
[stacktrace]
#0 C:/laragon/www/proyeklaravel2/vendor/laravel/framework/src/Illuminate/Database/Connection.php(797): Illuminate/Database/Connection->runQueryCallback('select * from `...', Array, Object(Closure))
#1 C:/laragon/www/proyeklaravel2/vendor/laravel/framework/src/Illuminate/Database/Connection.php(412): Illuminate/Database/Connection->run('select * from `...', Array, Object(Closure))
#2 C:/laragon/www/proyeklaravel2/vendor/laravel/framework/src/Illuminate/Database/Query/Builder.php(3562): Illuminate/Database/Connection->select('select * from `...', Array, true, Array)
#3 C:/laragon/www/proyeklaravel2/vendor/laravel/framework/src/Illuminate/Database/Query/Builder.php(3546): Illuminate/Database/Query/Builder->runSelect()
#4 C:/laragon/www/proyeklaravel2/app/Http/Controllers/KurikulumControllerAmmar.php(12): Illuminate/Database/Query/Builder->get()
#5 C:/laragon/www/proyeklaravel2/vendor/laravel/framework/src/Illuminate/Routing/ControllerDispatcher.php(46): App/Http/Controllers/KurikulumControllerAmmar->index()
#6 C:/laragon/www/proyeklaravel2/vendor/laravel/framework/src/Illuminate/Routing/Route.php(269): Illuminate/Routing/ControllerDispatcher->dispatch(Object(Illuminate/Routing/Route), Object(App/Http/Controllers/KurikulumControllerAmmar), 'index')
#7 C:/laragon/www/proyeklaravel2/vendor/laravel/framework/src/Illuminate/Routing/Route.php(215): Illuminate/Routing/Route->runController()
#8 C:/laragon/www/proyeklaravel2/vendor/laravel/framework/src/Illuminate/Routing/Router.php(822): Illuminate/Routing/Route->run()
#9 C:/laragon/www/proyeklaravel2/vendor/laravel/framework/src/Illuminate/Pipeline/Pipeline.php(180): Illuminate/Routing/Router->Illuminate/Routing/{closure}(Object(Illuminate/Http/Request))
#10 C:/laragon/www/proyeklaravel2/vendor/laravel/framework/src/Illuminate/Routing/Middleware/SubstituteBindings.php(52): Illuminate/Pipeline/Pipeline->Illuminate/Pipeline/{closure}(Object(Illuminate/Http/Request))
#11 C:/laragon/www/proyeklaravel2/vendor/laravel/framework/src/Illuminate/Pipeline/Pipeline.php(219): Illuminate/Routing/Middleware/SubstituteBindings->handle(Object(Illuminate/Http/Request), Object(Closure))
#12 C:/laragon/www/proyeklaravel2/vendor/laravel/framework/src/Illuminate/Foundation/Http/Middleware/PreventRequestForgery.php(104): Illuminate/Pipeline/Pipeline->Illuminate/Pipeline/{closure}(Object(Illuminate/Http/Request))
#13 C:/laragon/www/proyeklaravel2/vendor/laravel/framework/src/Illuminate/Pipeline/Pipeline.php(219): Illuminate/Foundation/Http/Middleware/PreventRequestForgery->handle(Object(Illuminate/Http/Request), Object(Closure))
#14 C:/laragon/www/proyeklaravel2/vendor/laravel/framework/src/Illuminate/View/Middleware/ShareErrorsFromSession.php(48): Illuminate/Pipeline/Pipeline->Illuminate/Pipeline/{closure}(Object(Illuminate/Http/Request))
#15 C:/laragon/www/proyeklaravel2/vendor/laravel/framework/src/Illuminate/Pipeline/Pipeline.php(219): Illuminate/View/Middleware/ShareErrorsFromSession->handle(Object(Illuminate/Http/Request), Object(Closure))
#16 C:/laragon/www/proyeklaravel2/vendor/laravel/framework/src/Illuminate/Session/Middleware/StartSession.php(120): Illuminate/Pipeline/Pipeline->Illuminate/Pipeline/{closure}(Object(Illuminate/Http/Request))
#17 C:/laragon/www/proyeklaravel2/vendor/laravel/framework/src/Illuminate/Session/Middleware/StartSession.php(63): Illuminate/Session/Middleware/StartSession->handleStatefulRequest(Object(Illuminate/Http/Request), Object(Illuminate/Session/Store), Object(Closure))
#18 C:/laragon/www/proyeklaravel2/vendor/laravel/framework/src/Illuminate/Pipeline/Pipeline.php(219): Illuminate/Session/Middleware/StartSession->handle(Object(Illuminate/Http/Request), Object(Closure))
#19 C:/laragon/www/proyeklaravel2/vendor/laravel/framework/src/Illuminate/Cookie/Middleware/AddQueuedCookiesToResponse.php(36): Illuminate/Pipeline/Pipeline->Illuminate/Pipeline/{closure}(Object(Illuminate/Http/Request))
#20 C:/laragon/www/proyeklaravel2/vendor/laravel/framework/src/Illuminate/Pipeline/Pipeline.php(219): Illuminate/Cookie/Middleware/AddQueuedCookiesToResponse->handle(Object(Illuminate/Http/Request), Object(Closure))
#21 C:/laragon/www/proyeklaravel2/vendor/laravel/framework/src/Illuminate/Cookie/Middleware/EncryptCookies.php(74): Illuminate/Pipeline/Pipeline->Illuminate/Pipeline/{closure}(Object(Illuminate/Http/Request))
#22 C:/laragon/www/proyeklaravel2/vendor/laravel/framework/src/Illuminate/Pipeline/Pipeline.php(219): Illuminate/Cookie/Middleware/EncryptCookies->handle(Object(Illuminate/Http/Request), Object(Closure))
#23 C:/laragon/www/proyeklaravel2/vendor/laravel/framework/src/Illuminate/Pipeline/Pipeline.php(137): Illuminate/Pipeline/Pipeline->Illuminate/Pipeline/{closure}(Object(Illuminate/Http/Request))
#24 C:/laragon/www/proyeklaravel2/vendor/laravel/framework/src/Illuminate/Routing/Router.php(821): Illuminate/Pipeline/Pipeline->then(Object(Closure))
#25 C:/laragon/www/proyeklaravel2/vendor/laravel/framework/src/Illuminate/Routing/Router.php(800): Illuminate/Routing/Router->runRouteWithinStack(Object(Illuminate/Routing/Route), Object(Illuminate/Http/Request))
#26 C:/laragon/www/proyeklaravel2/vendor/laravel/framework/src/Illuminate/Routing/Router.php(764): Illuminate/Routing/Router->runRoute(Object(Illuminate/Http/Request), Object(Illuminate/Routing/Route))
#27 C:/laragon/www/proyeklaravel2/vendor/laravel/framework/src/Illuminate/Routing/Router.php(753): Illuminate/Routing/Router->dispatchToRoute(Object(Illuminate/Http/Request))
#28 C:/laragon/www/proyeklaravel2/vendor/laravel/framework/src/Illuminate/Foundation/Http/Kernel.php(200): Illuminate/Routing/Router->dispatch(Object(Illuminate/Http/Request))
#29 C:/laragon/www/proyeklaravel2/vendor/laravel/framework/src/Illuminate/Pipeline/Pipeline.php(180): Illuminate/Foundation/Http/Kernel->Illuminate/Foundation/Http/{closure}(Object(Illuminate/Http/Request))
#30 C:/laragon/www/proyeklaravel2/vendor/laravel/framework/src/Illuminate/Foundation/Http/Middleware/TransformsRequest.php(21): Illuminate/Pipeline/Pipeline->Illuminate/Pipeline/{closure}(Object(Illuminate/Http/Request))
#31 C:/laragon/www/proyeklaravel2/vendor/laravel/framework/src/Illuminate/Foundation/Http/Middleware/ConvertEmptyStringsToNull.php(31): Illuminate/Foundation/Http/Middleware/TransformsRequest->handle(Object(Illuminate/Http/Request), Object(Closure))
#32 C:/laragon/www/proyeklaravel2/vendor/laravel/framework/src/Illuminate/Pipeline/Pipeline.php(219): Illuminate/Foundation/Http/Middleware/ConvertEmptyStringsToNull->handle(Object(Illuminate/Http/Request), Object(Closure))
#33 C:/laragon/www/proyeklaravel2/vendor/laravel/framework/src/Illuminate/Foundation/Http/Middleware/TransformsRequest.php(21): Illuminate/Pipeline/Pipeline->Illuminate/Pipeline/{closure}(Object(Illuminate/Http/Request))
#34 C:/laragon/www/proyeklaravel2/vendor/laravel/framework/src/Illuminate/Foundation/Http/Middleware/TrimStrings.php(51): Illuminate/Foundation/Http/Middleware/TransformsRequest->handle(Object(Illuminate/Http/Request), Object(Closure))
#35 C:/laragon/www/proyeklaravel2/vendor/laravel/framework/src/Illuminate/Pipeline/Pipeline.php(219): Illuminate/Foundation/Http/Middleware/TrimStrings->handle(Object(Illuminate/Http/Request), Object(Closure))
#36 C:/laragon/www/proyeklaravel2/vendor/laravel/framework/src/Illuminate/Http/Middleware/ValidatePostSize.php(27): Illuminate/Pipeline/Pipeline->Illuminate/Pipeline/{closure}(Object(Illuminate/Http/Request))
#37 C:/laragon/www/proyeklaravel2/vendor/laravel/framework/src/Illuminate/Pipeline/Pipeline.php(219): Illuminate/Http/Middleware/ValidatePostSize->handle(Object(Illuminate/Http/Request), Object(Closure))
#38 C:/laragon/www/proyeklaravel2/vendor/laravel/framework/src/Illuminate/Foundation/Http/Middleware/PreventRequestsDuringMaintenance.php(109): Illuminate/Pipeline/Pipeline->Illuminate/Pipeline/{closure}(Object(Illuminate/Http/Request))
#39 C:/laragon/www/proyeklaravel2/vendor/laravel/framework/src/Illuminate/Pipeline/Pipeline.php(219): Illuminate/Foundation/Http/Middleware/PreventRequestsDuringMaintenance->handle(Object(Illuminate/Http/Request), Object(Closure))
#40 C:/laragon/www/proyeklaravel2/vendor/laravel/framework/src/Illuminate/Http/Middleware/HandleCors.php(61): Illuminate/Pipeline/Pipeline->Illuminate/Pipeline/{closure}(Object(Illuminate/Http/Request))
#41 C:/laragon/www/proyeklaravel2/vendor/laravel/framework/src/Illuminate/Pipeline/Pipeline.php(219): Illuminate/Http/Middleware/HandleCors->handle(Object(Illuminate/Http/Request), Object(Closure))
#42 C:/laragon/www/proyeklaravel2/vendor/laravel/framework/src/Illuminate/Http/Middleware/TrustProxies.php(58): Illuminate/Pipeline/Pipeline->Illuminate/Pipeline/{closure}(Object(Illuminate/Http/Request))
#43 C:/laragon/www/proyeklaravel2/vendor/laravel/framework/src/Illuminate/Pipeline/Pipeline.php(219): Illuminate/Http/Middleware/TrustProxies->handle(Object(Illuminate/Http/Request), Object(Closure))
#44 C:/laragon/www/proyeklaravel2/vendor/laravel/framework/src/Illuminate/Foundation/Http/Middleware/InvokeDeferredCallbacks.php(22): Illuminate/Pipeline/Pipeline->Illuminate/Pipeline/{closure}(Object(Illuminate/Http/Request))
#45 C:/laragon/www/proyeklaravel2/vendor/laravel/framework/src/Illuminate/Pipeline/Pipeline.php(219): Illuminate/Foundation/Http/Middleware/InvokeDeferredCallbacks->handle(Object(Illuminate/Http/Request), Object(Closure))
#46 C:/laragon/www/proyeklaravel2/vendor/laravel/framework/src/Illuminate/Http/Middleware/ValidatePathEncoding.php(28): Illuminate/Pipeline/Pipeline->Illuminate/Pipeline/{closure}(Object(Illuminate/Http/Request))
#47 C:/laragon/www/proyeklaravel2/vendor/laravel/framework/src/Illuminate/Pipeline/Pipeline.php(219): Illuminate/Http/Middleware/ValidatePathEncoding->handle(Object(Illuminate/Http/Request), Object(Closure))
#48 C:/laragon/www/proyeklaravel2/vendor/laravel/framework/src/Illuminate/Pipeline/Pipeline.php(137): Illuminate/Pipeline/Pipeline->Illuminate/Pipeline/{closure}(Object(Illuminate/Http/Request))
#49 C:/laragon/www/proyeklaravel2/vendor/laravel/framework/src/Illuminate/Foundation/Http/Kernel.php(175): Illuminate/Pipeline/Pipeline->then(Object(Closure))
#50 C:/laragon/www/proyeklaravel2/vendor/laravel/framework/src/Illuminate/Foundation/Http/Kernel.php(144): Illuminate/Foundation/Http/Kernel->sendRequestThroughRouter(Object(Illuminate/Http/Request))
#51 C:/laragon/www/proyeklaravel2/vendor/laravel/framework/src/Illuminate/Foundation/Application.php(1220): Illuminate/Foundation/Http/Kernel->handle(Object(Illuminate/Http/Request))
#52 C:/laragon/www/proyeklaravel2/public/index.php(20): Illuminate/Foundation/Application->handleRequest(Object(Illuminate/Http/Request))
#53 {main}

[previous exception] [object] (PDOException(code: 42S02): SQLSTATE[42S02]: Base table or view not found: 1146 Table 'db_sekolah_ammar.kurikulum' doesn't exist at C:/laragon/www/proyeklaravel2/vendor/laravel/framework/src/Illuminate/Database/Connection.php:421)
[stacktrace]
#0 C:/laragon/www/proyeklaravel2/vendor/laravel/framework/src/Illuminate/Database/Connection.php(421): PDO->prepare('select * from `...')
#1 C:/laragon/www/proyeklaravel2/vendor/laravel/framework/src/Illuminate/Database/Connection.php(830): Illuminate/Database/Connection->Illuminate/Database/{closure}('select * from `...', Array)
#2 C:/laragon/www/proyeklaravel2/vendor/laravel/framework/src/Illuminate/Database/Connection.php(797): Illuminate/Database/Connection->runQueryCallback('select * from `...', Array, Object(Closure))
#3 C:/laragon/www/proyeklaravel2/vendor/laravel/framework/src/Illuminate/Database/Connection.php(412): Illuminate/Database/Connection->run('select * from `...', Array, Object(Closure))
#4 C:/laragon/www/proyeklaravel2/vendor/laravel/framework/src/Illuminate/Database/Query/Builder.php(3562): Illuminate/Database/Connection->select('select * from `...', Array, true, Array)
#5 C:/laragon/www/proyeklaravel2/vendor/laravel/framework/src/Illuminate/Database/Query/Builder.php(3546): Illuminate/Database/Query/Builder->runSelect()
#6 C:/laragon/www/proyeklaravel2/app/Http/Controllers/KurikulumControllerAmmar.php(12): Illuminate/Database/Query/Builder->get()
#7 C:/laragon/www/proyeklaravel2/vendor/laravel/framework/src/Illuminate/Routing/ControllerDispatcher.php(46): App/Http/Controllers/KurikulumControllerAmmar->index()
#8 C:/laragon/www/proyeklaravel2/vendor/laravel/framework/src/Illuminate/Routing/Route.php(269): Illuminate/Routing/ControllerDispatcher->dispatch(Object(Illuminate/Routing/Route), Object(App/Http/Controllers/KurikulumControllerAmmar), 'index')
#9 C:/laragon/www/proyeklaravel2/vendor/laravel/framework/src/Illuminate/Routing/Route.php(215): Illuminate/Routing/Route->runController()
#10 C:/laragon/www/proyeklaravel2/vendor/laravel/framework/src/Illuminate/Routing/Router.php(822): Illuminate/Routing/Route->run()
#11 C:/laragon/www/proyeklaravel2/vendor/laravel/framework/src/Illuminate/Pipeline/Pipeline.php(180): Illuminate/Routing/Router->Illuminate/Routing/{closure}(Object(Illuminate/Http/Request))
#12 C:/laragon/www/proyeklaravel2/vendor/laravel/framework/src/Illuminate/Routing/Middleware/SubstituteBindings.php(52): Illuminate/Pipeline/Pipeline->Illuminate/Pipeline/{closure}(Object(Illuminate/Http/Request))
#13 C:/laragon/www/proyeklaravel2/vendor/laravel/framework/src/Illuminate/Pipeline/Pipeline.php(219): Illuminate/Routing/Middleware/SubstituteBindings->handle(Object(Illuminate/Http/Request), Object(Closure))
#14 C:/laragon/www/proyeklaravel2/vendor/laravel/framework/src/Illuminate/Foundation/Http/Middleware/PreventRequestForgery.php(104): Illuminate/Pipeline/Pipeline->Illuminate/Pipeline/{closure}(Object(Illuminate/Http/Request))
#15 C:/laragon/www/proyeklaravel2/vendor/laravel/framework/src/Illuminate/Pipeline/Pipeline.php(219): Illuminate/Foundation/Http/Middleware/PreventRequestForgery->handle(Object(Illuminate/Http/Request), Object(Closure))
#16 C:/laragon/www/proyeklaravel2/vendor/laravel/framework/src/Illuminate/View/Middleware/ShareErrorsFromSession.php(48): Illuminate/Pipeline/Pipeline->Illuminate/Pipeline/{closure}(Object(Illuminate/Http/Request))
#17 C:/laragon/www/proyeklaravel2/vendor/laravel/framework/src/Illuminate/Pipeline/Pipeline.php(219): Illuminate/View/Middleware/ShareErrorsFromSession->handle(Object(Illuminate/Http/Request), Object(Closure))
#18 C:/laragon/www/proyeklaravel2/vendor/laravel/framework/src/Illuminate/Session/Middleware/StartSession.php(120): Illuminate/Pipeline/Pipeline->Illuminate/Pipeline/{closure}(Object(Illuminate/Http/Request))
#19 C:/laragon/www/proyeklaravel2/vendor/laravel/framework/src/Illuminate/Session/Middleware/StartSession.php(63): Illuminate/Session/Middleware/StartSession->handleStatefulRequest(Object(Illuminate/Http/Request), Object(Illuminate/Session/Store), Object(Closure))
#20 C:/laragon/www/proyeklaravel2/vendor/laravel/framework/src/Illuminate/Pipeline/Pipeline.php(219): Illuminate/Session/Middleware/StartSession->handle(Object(Illuminate/Http/Request), Object(Closure))
#21 C:/laragon/www/proyeklaravel2/vendor/laravel/framework/src/Illuminate/Cookie/Middleware/AddQueuedCookiesToResponse.php(36): Illuminate/Pipeline/Pipeline->Illuminate/Pipeline/{closure}(Object(Illuminate/Http/Request))
#22 C:/laragon/www/proyeklaravel2/vendor/laravel/framework/src/Illuminate/Pipeline/Pipeline.php(219): Illuminate/Cookie/Middleware/AddQueuedCookiesToResponse->handle(Object(Illuminate/Http/Request), Object(Closure))
#23 C:/laragon/www/proyeklaravel2/vendor/laravel/framework/src/Illuminate/Cookie/Middleware/EncryptCookies.php(74): Illuminate/Pipeline/Pipeline->Illuminate/Pipeline/{closure}(Object(Illuminate/Http/Request))
#24 C:/laragon/www/proyeklaravel2/vendor/laravel/framework/src/Illuminate/Pipeline/Pipeline.php(219): Illuminate/Cookie/Middleware/EncryptCookies->handle(Object(Illuminate/Http/Request), Object(Closure))
#25 C:/laragon/www/proyeklaravel2/vendor/laravel/framework/src/Illuminate/Pipeline/Pipeline.php(137): Illuminate/Pipeline/Pipeline->Illuminate/Pipeline/{closure}(Object(Illuminate/Http/Request))
#26 C:/laragon/www/proyeklaravel2/vendor/laravel/framework/src/Illuminate/Routing/Router.php(821): Illuminate/Pipeline/Pipeline->then(Object(Closure))
#27 C:/laragon/www/proyeklaravel2/vendor/laravel/framework/src/Illuminate/Routing/Router.php(800): Illuminate/Routing/Router->runRouteWithinStack(Object(Illuminate/Routing/Route), Object(Illuminate/Http/Request))
#28 C:/laragon/www/proyeklaravel2/vendor/laravel/framework/src/Illuminate/Routing/Router.php(764): Illuminate/Routing/Router->runRoute(Object(Illuminate/Http/Request), Object(Illuminate/Routing/Route))
#29 C:/laragon/www/proyeklaravel2/vendor/laravel/framework/src/Illuminate/Routing/Router.php(753): Illuminate/Routing/Router->dispatchToRoute(Object(Illuminate/Http/Request))
#30 C:/laragon/www/proyeklaravel2/vendor/laravel/framework/src/Illuminate/Foundation/Http/Kernel.php(200): Illuminate/Routing/Router->dispatch(Object(Illuminate/Http/Request))
#31 C:/laragon/www/proyeklaravel2/vendor/laravel/framework/src/Illuminate/Pipeline/Pipeline.php(180): Illuminate/Foundation/Http/Kernel->Illuminate/Foundation/Http/{closure}(Object(Illuminate/Http/Request))
#32 C:/laragon/www/proyeklaravel2/vendor/laravel/framework/src/Illuminate/Foundation/Http/Middleware/TransformsRequest.php(21): Illuminate/Pipeline/Pipeline->Illuminate/Pipeline/{closure}(Object(Illuminate/Http/Request))
#33 C:/laragon/www/proyeklaravel2/vendor/laravel/framework/src/Illuminate/Foundation/Http/Middleware/ConvertEmptyStringsToNull.php(31): Illuminate/Foundation/Http/Middleware/TransformsRequest->handle(Object(Illuminate/Http/Request), Object(Closure))
#34 C:/laragon/www/proyeklaravel2/vendor/laravel/framework/src/Illuminate/Pipeline/Pipeline.php(219): Illuminate/Foundation/Http/Middleware/ConvertEmptyStringsToNull->handle(Object(Illuminate/Http/Request), Object(Closure))
#35 C:/laragon/www/proyeklaravel2/vendor/laravel/framework/src/Illuminate/Foundation/Http/Middleware/TransformsRequest.php(21): Illuminate/Pipeline/Pipeline->Illuminate/Pipeline/{closure}(Object(Illuminate/Http/Request))
#36 C:/laragon/www/proyeklaravel2/vendor/laravel/framework/src/Illuminate/Foundation/Http/Middleware/TrimStrings.php(51): Illuminate/Foundation/Http/Middleware/TransformsRequest->handle(Object(Illuminate/Http/Request), Object(Closure))
#37 C:/laragon/www/proyeklaravel2/vendor/laravel/framework/src/Illuminate/Pipeline/Pipeline.php(219): Illuminate/Foundation/Http/Middleware/TrimStrings->handle(Object(Illuminate/Http/Request), Object(Closure))
#38 C:/laragon/www/proyeklaravel2/vendor/laravel/framework/src/Illuminate/Http/Middleware/ValidatePostSize.php(27): Illuminate/Pipeline/Pipeline->Illuminate/Pipeline/{closure}(Object(Illuminate/Http/Request))
#39 C:/laragon/www/proyeklaravel2/vendor/laravel/framework/src/Illuminate/Pipeline/Pipeline.php(219): Illuminate/Http/Middleware/ValidatePostSize->handle(Object(Illuminate/Http/Request), Object(Closure))
#40 C:/laragon/www/proyeklaravel2/vendor/laravel/framework/src/Illuminate/Foundation/Http/Middleware/PreventRequestsDuringMaintenance.php(109): Illuminate/Pipeline/Pipeline->Illuminate/Pipeline/{closure}(Object(Illuminate/Http/Request))
#41 C:/laragon/www/proyeklaravel2/vendor/laravel/framework/src/Illuminate/Pipeline/Pipeline.php(219): Illuminate/Foundation/Http/Middleware/PreventRequestsDuringMaintenance->handle(Object(Illuminate/Http/Request), Object(Closure))
#42 C:/laragon/www/proyeklaravel2/vendor/laravel/framework/src/Illuminate/Http/Middleware/HandleCors.php(61): Illuminate/Pipeline/Pipeline->Illuminate/Pipeline/{closure}(Object(Illuminate/Http/Request))
#43 C:/laragon/www/proyeklaravel2/vendor/laravel/framework/src/Illuminate/Pipeline/Pipeline.php(219): Illuminate/Http/Middleware/HandleCors->handle(Object(Illuminate/Http/Request), Object(Closure))
#44 C:/laragon/www/proyeklaravel2/vendor/laravel/framework/src/Illuminate/Http/Middleware/TrustProxies.php(58): Illuminate/Pipeline/Pipeline->Illuminate/Pipeline/{closure}(Object(Illuminate/Http/Request))
#45 C:/laragon/www/proyeklaravel2/vendor/laravel/framework/src/Illuminate/Pipeline/Pipeline.php(219): Illuminate/Http/Middleware/TrustProxies->handle(Object(Illuminate/Http/Request), Object(Closure))
#46 C:/laragon/www/proyeklaravel2/vendor/laravel/framework/src/Illuminate/Foundation/Http/Middleware/InvokeDeferredCallbacks.php(22): Illuminate/Pipeline/Pipeline->Illuminate/Pipeline/{closure}(Object(Illuminate/Http/Request))
#47 C:/laragon/www/proyeklaravel2/vendor/laravel/framework/src/Illuminate/Pipeline/Pipeline.php(219): Illuminate/Foundation/Http/Middleware/InvokeDeferredCallbacks->handle(Object(Illuminate/Http/Request), Object(Closure))
#48 C:/laragon/www/proyeklaravel2/vendor/laravel/framework/src/Illuminate/Http/Middleware/ValidatePathEncoding.php(28): Illuminate/Pipeline/Pipeline->Illuminate/Pipeline/{closure}(Object(Illuminate/Http/Request))
#49 C:/laragon/www/proyeklaravel2/vendor/laravel/framework/src/Illuminate/Pipeline/Pipeline.php(219): Illuminate/Http/Middleware/ValidatePathEncoding->handle(Object(Illuminate/Http/Request), Object(Closure))
#50 C:/laragon/www/proyeklaravel2/vendor/laravel/framework/src/Illuminate/Pipeline/Pipeline.php(137): Illuminate/Pipeline/Pipeline->Illuminate/Pipeline/{closure}(Object(Illuminate/Http/Request))
#51 C:/laragon/www/proyeklaravel2/vendor/laravel/framework/src/Illuminate/Foundation/Http/Kernel.php(175): Illuminate/Pipeline/Pipeline->then(Object(Closure))
#52 C:/laragon/www/proyeklaravel2/vendor/laravel/framework/src/Illuminate/Foundation/Http/Kernel.php(144): Illuminate/Foundation/Http/Kernel->sendRequestThroughRouter(Object(Illuminate/Http/Request))
#53 C:/laragon/www/proyeklaravel2/vendor/laravel/framework/src/Illuminate/Foundation/Application.php(1220): Illuminate/Foundation/Http/Kernel->handle(Object(Illuminate/Http/Request))
#54 C:/laragon/www/proyeklaravel2/public/index.php(20): Illuminate/Foundation/Application->handleRequest(Object(Illuminate/Http/Request))
#55 {main}
"} 
[2026-05-05 05:51:01] local.ERROR: Undefined property: stdClass::$nilai {"exception":"[object] (ErrorException(code: 0): Undefined property: stdClass::$nilai at C:/laragon/www/proyeklaravel2/app/Http/Controllers/NilaiControllerAmmar.php:24)
[stacktrace]
#0 C:/laragon/www/proyeklaravel2/vendor/laravel/framework/src/Illuminate/Foundation/Bootstrap/HandleExceptions.php(258): Illuminate/Foundation/Bootstrap/HandleExceptions->handleError(2, 'Undefined prope...', 'C://laragon//www//...', 24)
#1 C:/laragon/www/proyeklaravel2/app/Http/Controllers/NilaiControllerAmmar.php(24): Illuminate/Foundation/Bootstrap/HandleExceptions->Illuminate/Foundation/Bootstrap/{closure}(2, 'Undefined prope...', 'C://laragon//www//...', 24)
#2 C:/laragon/www/proyeklaravel2/vendor/laravel/framework/src/Illuminate/Routing/ControllerDispatcher.php(46): App/Http/Controllers/NilaiControllerAmmar->index()
#3 C:/laragon/www/proyeklaravel2/vendor/laravel/framework/src/Illuminate/Routing/Route.php(269): Illuminate/Routing/ControllerDispatcher->dispatch(Object(Illuminate/Routing/Route), Object(App/Http/Controllers/NilaiControllerAmmar), 'index')
#4 C:/laragon/www/proyeklaravel2/vendor/laravel/framework/src/Illuminate/Routing/Route.php(215): Illuminate/Routing/Route->runController()
#5 C:/laragon/www/proyeklaravel2/vendor/laravel/framework/src/Illuminate/Routing/Router.php(822): Illuminate/Routing/Route->run()
#6 C:/laragon/www/proyeklaravel2/vendor/laravel/framework/src/Illuminate/Pipeline/Pipeline.php(180): Illuminate/Routing/Router->Illuminate/Routing/{closure}(Object(Illuminate/Http/Request))
#7 C:/laragon/www/proyeklaravel2/vendor/laravel/framework/src/Illuminate/Routing/Middleware/SubstituteBindings.php(52): Illuminate/Pipeline/Pipeline->Illuminate/Pipeline/{closure}(Object(Illuminate/Http/Request))
#8 C:/laragon/www/proyeklaravel2/vendor/laravel/framework/src/Illuminate/Pipeline/Pipeline.php(219): Illuminate/Routing/Middleware/SubstituteBindings->handle(Object(Illuminate/Http/Request), Object(Closure))
#9 C:/laragon/www/proyeklaravel2/vendor/laravel/framework/src/Illuminate/Foundation/Http/Middleware/PreventRequestForgery.php(104): Illuminate/Pipeline/Pipeline->Illuminate/Pipeline/{closure}(Object(Illuminate/Http/Request))
#10 C:/laragon/www/proyeklaravel2/vendor/laravel/framework/src/Illuminate/Pipeline/Pipeline.php(219): Illuminate/Foundation/Http/Middleware/PreventRequestForgery->handle(Object(Illuminate/Http/Request), Object(Closure))
#11 C:/laragon/www/proyeklaravel2/vendor/laravel/framework/src/Illuminate/View/Middleware/ShareErrorsFromSession.php(48): Illuminate/Pipeline/Pipeline->Illuminate/Pipeline/{closure}(Object(Illuminate/Http/Request))
#12 C:/laragon/www/proyeklaravel2/vendor/laravel/framework/src/Illuminate/Pipeline/Pipeline.php(219): Illuminate/View/Middleware/ShareErrorsFromSession->handle(Object(Illuminate/Http/Request), Object(Closure))
#13 C:/laragon/www/proyeklaravel2/vendor/laravel/framework/src/Illuminate/Session/Middleware/StartSession.php(120): Illuminate/Pipeline/Pipeline->Illuminate/Pipeline/{closure}(Object(Illuminate/Http/Request))
#14 C:/laragon/www/proyeklaravel2/vendor/laravel/framework/src/Illuminate/Session/Middleware/StartSession.php(63): Illuminate/Session/Middleware/StartSession->handleStatefulRequest(Object(Illuminate/Http/Request), Object(Illuminate/Session/Store), Object(Closure))
#15 C:/laragon/www/proyeklaravel2/vendor/laravel/framework/src/Illuminate/Pipeline/Pipeline.php(219): Illuminate/Session/Middleware/StartSession->handle(Object(Illuminate/Http/Request), Object(Closure))
#16 C:/laragon/www/proyeklaravel2/vendor/laravel/framework/src/Illuminate/Cookie/Middleware/AddQueuedCookiesToResponse.php(36): Illuminate/Pipeline/Pipeline->Illuminate/Pipeline/{closure}(Object(Illuminate/Http/Request))
#17 C:/laragon/www/proyeklaravel2/vendor/laravel/framework/src/Illuminate/Pipeline/Pipeline.php(219): Illuminate/Cookie/Middleware/AddQueuedCookiesToResponse->handle(Object(Illuminate/Http/Request), Object(Closure))
#18 C:/laragon/www/proyeklaravel2/vendor/laravel/framework/src/Illuminate/Cookie/Middleware/EncryptCookies.php(74): Illuminate/Pipeline/Pipeline->Illuminate/Pipeline/{closure}(Object(Illuminate/Http/Request))
#19 C:/laragon/www/proyeklaravel2/vendor/laravel/framework/src/Illuminate/Pipeline/Pipeline.php(219): Illuminate/Cookie/Middleware/EncryptCookies->handle(Object(Illuminate/Http/Request), Object(Closure))
#20 C:/laragon/www/proyeklaravel2/vendor/laravel/framework/src/Illuminate/Pipeline/Pipeline.php(137): Illuminate/Pipeline/Pipeline->Illuminate/Pipeline/{closure}(Object(Illuminate/Http/Request))
#21 C:/laragon/www/proyeklaravel2/vendor/laravel/framework/src/Illuminate/Routing/Router.php(821): Illuminate/Pipeline/Pipeline->then(Object(Closure))
#22 C:/laragon/www/proyeklaravel2/vendor/laravel/framework/src/Illuminate/Routing/Router.php(800): Illuminate/Routing/Router->runRouteWithinStack(Object(Illuminate/Routing/Route), Object(Illuminate/Http/Request))
#23 C:/laragon/www/proyeklaravel2/vendor/laravel/framework/src/Illuminate/Routing/Router.php(764): Illuminate/Routing/Router->runRoute(Object(Illuminate/Http/Request), Object(Illuminate/Routing/Route))
#24 C:/laragon/www/proyeklaravel2/vendor/laravel/framework/src/Illuminate/Routing/Router.php(753): Illuminate/Routing/Router->dispatchToRoute(Object(Illuminate/Http/Request))
#25 C:/laragon/www/proyeklaravel2/vendor/laravel/framework/src/Illuminate/Foundation/Http/Kernel.php(200): Illuminate/Routing/Router->dispatch(Object(Illuminate/Http/Request))
#26 C:/laragon/www/proyeklaravel2/vendor/laravel/framework/src/Illuminate/Pipeline/Pipeline.php(180): Illuminate/Foundation/Http/Kernel->Illuminate/Foundation/Http/{closure}(Object(Illuminate/Http/Request))
#27 C:/laragon/www/proyeklaravel2/vendor/laravel/framework/src/Illuminate/Foundation/Http/Middleware/TransformsRequest.php(21): Illuminate/Pipeline/Pipeline->Illuminate/Pipeline/{closure}(Object(Illuminate/Http/Request))
#28 C:/laragon/www/proyeklaravel2/vendor/laravel/framework/src/Illuminate/Foundation/Http/Middleware/ConvertEmptyStringsToNull.php(31): Illuminate/Foundation/Http/Middleware/TransformsRequest->handle(Object(Illuminate/Http/Request), Object(Closure))
#29 C:/laragon/www/proyeklaravel2/vendor/laravel/framework/src/Illuminate/Pipeline/Pipeline.php(219): Illuminate/Foundation/Http/Middleware/ConvertEmptyStringsToNull->handle(Object(Illuminate/Http/Request), Object(Closure))
#30 C:/laragon/www/proyeklaravel2/vendor/laravel/framework/src/Illuminate/Foundation/Http/Middleware/TransformsRequest.php(21): Illuminate/Pipeline/Pipeline->Illuminate/Pipeline/{closure}(Object(Illuminate/Http/Request))
#31 C:/laragon/www/proyeklaravel2/vendor/laravel/framework/src/Illuminate/Foundation/Http/Middleware/TrimStrings.php(51): Illuminate/Foundation/Http/Middleware/TransformsRequest->handle(Object(Illuminate/Http/Request), Object(Closure))
#32 C:/laragon/www/proyeklaravel2/vendor/laravel/framework/src/Illuminate/Pipeline/Pipeline.php(219): Illuminate/Foundation/Http/Middleware/TrimStrings->handle(Object(Illuminate/Http/Request), Object(Closure))
#33 C:/laragon/www/proyeklaravel2/vendor/laravel/framework/src/Illuminate/Http/Middleware/ValidatePostSize.php(27): Illuminate/Pipeline/Pipeline->Illuminate/Pipeline/{closure}(Object(Illuminate/Http/Request))
#34 C:/laragon/www/proyeklaravel2/vendor/laravel/framework/src/Illuminate/Pipeline/Pipeline.php(219): Illuminate/Http/Middleware/ValidatePostSize->handle(Object(Illuminate/Http/Request), Object(Closure))
#35 C:/laragon/www/proyeklaravel2/vendor/laravel/framework/src/Illuminate/Foundation/Http/Middleware/PreventRequestsDuringMaintenance.php(109): Illuminate/Pipeline/Pipeline->Illuminate/Pipeline/{closure}(Object(Illuminate/Http/Request))
#36 C:/laragon/www/proyeklaravel2/vendor/laravel/framework/src/Illuminate/Pipeline/Pipeline.php(219): Illuminate/Foundation/Http/Middleware/PreventRequestsDuringMaintenance->handle(Object(Illuminate/Http/Request), Object(Closure))
#37 C:/laragon/www/proyeklaravel2/vendor/laravel/framework/src/Illuminate/Http/Middleware/HandleCors.php(61): Illuminate/Pipeline/Pipeline->Illuminate/Pipeline/{closure}(Object(Illuminate/Http/Request))
#38 C:/laragon/www/proyeklaravel2/vendor/laravel/framework/src/Illuminate/Pipeline/Pipeline.php(219): Illuminate/Http/Middleware/HandleCors->handle(Object(Illuminate/Http/Request), Object(Closure))
#39 C:/laragon/www/proyeklaravel2/vendor/laravel/framework/src/Illuminate/Http/Middleware/TrustProxies.php(58): Illuminate/Pipeline/Pipeline->Illuminate/Pipeline/{closure}(Object(Illuminate/Http/Request))
#40 C:/laragon/www/proyeklaravel2/vendor/laravel/framework/src/Illuminate/Pipeline/Pipeline.php(219): Illuminate/Http/Middleware/TrustProxies->handle(Object(Illuminate/Http/Request), Object(Closure))
#41 C:/laragon/www/proyeklaravel2/vendor/laravel/framework/src/Illuminate/Foundation/Http/Middleware/InvokeDeferredCallbacks.php(22): Illuminate/Pipeline/Pipeline->Illuminate/Pipeline/{closure}(Object(Illuminate/Http/Request))
#42 C:/laragon/www/proyeklaravel2/vendor/laravel/framework/src/Illuminate/Pipeline/Pipeline.php(219): Illuminate/Foundation/Http/Middleware/InvokeDeferredCallbacks->handle(Object(Illuminate/Http/Request), Object(Closure))
#43 C:/laragon/www/proyeklaravel2/vendor/laravel/framework/src/Illuminate/Http/Middleware/ValidatePathEncoding.php(28): Illuminate/Pipeline/Pipeline->Illuminate/Pipeline/{closure}(Object(Illuminate/Http/Request))
#44 C:/laragon/www/proyeklaravel2/vendor/laravel/framework/src/Illuminate/Pipeline/Pipeline.php(219): Illuminate/Http/Middleware/ValidatePathEncoding->handle(Object(Illuminate/Http/Request), Object(Closure))
#45 C:/laragon/www/proyeklaravel2/vendor/laravel/framework/src/Illuminate/Pipeline/Pipeline.php(137): Illuminate/Pipeline/Pipeline->Illuminate/Pipeline/{closure}(Object(Illuminate/Http/Request))
#46 C:/laragon/www/proyeklaravel2/vendor/laravel/framework/src/Illuminate/Foundation/Http/Kernel.php(175): Illuminate/Pipeline/Pipeline->then(Object(Closure))
#47 C:/laragon/www/proyeklaravel2/vendor/laravel/framework/src/Illuminate/Foundation/Http/Kernel.php(144): Illuminate/Foundation/Http/Kernel->sendRequestThroughRouter(Object(Illuminate/Http/Request))
#48 C:/laragon/www/proyeklaravel2/vendor/laravel/framework/src/Illuminate/Foundation/Application.php(1220): Illuminate/Foundation/Http/Kernel->handle(Object(Illuminate/Http/Request))
#49 C:/laragon/www/proyeklaravel2/public/index.php(20): Illuminate/Foundation/Application->handleRequest(Object(Illuminate/Http/Request))
#50 {main}
"} 
